Source,Target,Weight
mmojadad,romariormr,2.0
mmojadad,vmssistemas,2.0
mmojadad,DiegoSalvati,4.0
DavidsonGomes,salmiox,3.0
DavidsonGomes,vinicin7,3.0
DavidsonGomes,sokveasnahang-cpu,6.0
DavidsonGomes,p3dr0574,2.0
DavidsonGomes,MatheusMoraisDescomplica,6.0
DavidsonGomes,VoeonAI,4.0
DavidsonGomes,josevitor676,3.0
DavidsonGomes,Rody-Nunes,3.0
DavidsonGomes,yydevelopment,3.0
DavidsonGomes,TiagoGouvea,6.0
DavidsonGomes,VRAutomatize,6.0
DavidsonGomes,Luiz-Otavio-Dorigon,3.0
DavidsonGomes,tonz1818,3.0
DavidsonGomes,pablodiegoo,3.0
DavidsonGomes,felipematos,5.0
DavidsonGomes,DAVIAMERICO242,3.0
DavidsonGomes,socger,3.0
DavidsonGomes,Gabriel-Souza2,3.0
DavidsonGomes,rodrigo-ogioni,6.0
DavidsonGomes,TML-CODES,3.0
DavidsonGomes,kileandrasoares,3.0
DavidsonGomes,PedroProduct,3.0
DavidsonGomes,lucsqroz,3.0
DavidsonGomes,solucionesiacloud,3.0
DavidsonGomes,almirb,3.0
DavidsonGomes,VitorS0uza,6.0
DavidsonGomes,viegasozeias,3.0
DavidsonGomes,WLpereira,3.0
DavidsonGomes,phoenixsampras,3.0
DavidsonGomes,tiagocaus,3.0
DavidsonGomes,fabioaragao,3.0
DavidsonGomes,lucasstxp,3.0
DavidsonGomes,InfiniteGear,3.0
DavidsonGomes,schimaia1,3.0
DavidsonGomes,bodolay-prog,3.0
DavidsonGomes,rocketagenciaseo,3.0
DavidsonGomes,ezzCoutinho,3.0
DavidsonGomes,codephix,4.0
DavidsonGomes,AdsonCicilioti,4.0
DavidsonGomes,LineckerN,3.0
DavidsonGomes,wleopach,5.0
DavidsonGomes,unilogica,4.0
DavidsonGomes,TheEmanuelSampaio,3.0
DavidsonGomes,helioelias,8.0
DavidsonGomes,santonymous,5.0
DavidsonGomes,onovotrafego,3.0
DavidsonGomes,StbanMc,3.0
DavidsonGomes,HyperviewBrasil,5.0
DavidsonGomes,maickom88,3.0
DavidsonGomes,anderecc,3.0
DavidsonGomes,jhonwimo,3.0
DavidsonGomes,githubsaturn,3.0
DavidsonGomes,marceel08,3.0
DavidsonGomes,fokc1509,3.0
DavidsonGomes,prhost,3.0
DavidsonGomes,eronGreco,3.0
DavidsonGomes,mauro-andre,3.0
DavidsonGomes,Leandrogri,3.0
DavidsonGomes,MatheusCostaVaz,3.0
DavidsonGomes,tonimoreiraa,3.0
DavidsonGomes,WanderleyGrecco,2.0
DavidsonGomes,J-Pster,3.0
DavidsonGomes,drauber,3.0
DavidsonGomes,erildobarone,3.0
DavidsonGomes,Deyvi-dev,3.0
DavidsonGomes,PedroReckelEL,3.0
DavidsonGomes,Rafhageek,3.0
DavidsonGomes,brunofelixbessa,3.0
DavidsonGomes,leofelipet,9.0
DavidsonGomes,devrhapp,6.0
DavidsonGomes,rafwell,6.0
DavidsonGomes,arnavgupta00,7.0
DavidsonGomes,paulocoutinhox,3.0
DavidsonGomes,nogran,3.0
DavidsonGomes,EDSONN56,6.0
DavidsonGomes,Talhary,3.0
DavidsonGomes,next4dev,3.0
DavidsonGomes,LeonardoSFreire,3.0
DavidsonGomes,vmssistemas,5.0
DavidsonGomes,MikhailProfile,3.0
DavidsonGomes,henriqueapgomes,3.0
DavidsonGomes,Phristyle,6.0
DavidsonGomes,guilombardi91,3.0
DavidsonGomes,jwcunhagit,3.0
DavidsonGomes,sacaciabesac,3.0
DavidsonGomes,enbellotto,3.0
DavidsonGomes,eliezerazevedo,3.0
DavidsonGomes,Fernacom-Sistemas,3.0
DavidsonGomes,braunericardo,3.0
DavidsonGomes,radamesbispo,3.0
DavidsonGomes,giordano221,3.0
DavidsonGomes,davidlustosa,3.0
DavidsonGomes,Raphaildest,6.0
DavidsonGomes,bahoan,3.0
DavidsonGomes,rogeriolixa,3.0
DavidsonGomes,OscarAgent,3.0
DavidsonGomes,fatguru,5.0
DavidsonGomes,DaviResDev,2.0
DavidsonGomes,master-kenobi,3.0
DavidsonGomes,Vinaum8,3.0
DavidsonGomes,jwdutra,3.0
DavidsonGomes,gomes0202,5.0
DavidsonGomes,Pequem,5.0
DavidsonGomes,lksdog,5.0
DavidsonGomes,JGabriel963,3.0
DavidsonGomes,hqvnet,3.0
DavidsonGomes,venturion,6.0
DavidsonGomes,g-vrd,3.0
DavidsonGomes,jrcobenar,3.0
DavidsonGomes,JVini0166,3.0
DavidsonGomes,przewodo,3.0
DavidsonGomes,diogodomanski,6.0
DavidsonGomes,leoruza,3.0
DavidsonGomes,agenciasinapse,3.0
DavidsonGomes,armand087,3.0
DavidsonGomes,srpavani,3.0
DavidsonGomes,Tuphiq,3.0
DavidsonGomes,eudesmcf,3.0
DavidsonGomes,patronotech,3.0
DavidsonGomes,CarlosSLoureiro,3.0
DavidsonGomes,biscoitodoja-bit,3.0
DavidsonGomes,EUrubatan,3.0
DavidsonGomes,hatembadran,3.0
DavidsonGomes,halarumdigital,3.0
DavidsonGomes,kuncoroatmojo,3.0
DavidsonGomes,martoni891,5.0
DavidsonGomes,jose-villamizar-JVL,3.0
DavidsonGomes,ArturoRivera98,3.0
DavidsonGomes,Rodribm10,3.0
DavidsonGomes,santos78-hub,3.0
DavidsonGomes,joaopauloit,3.0
DavidsonGomes,yuri12344,6.0
DavidsonGomes,JOESTAR117,3.0
DavidsonGomes,lokoquax,6.0
DavidsonGomes,stavososa,3.0
DavidsonGomes,fernandocostabr420,3.0
DavidsonGomes,Arenaz3,3.0
DavidsonGomes,MattCarneiro,6.0
DavidsonGomes,IGPGCOMERCIO,3.0
DavidsonGomes,autonom-ia,3.0
DavidsonGomes,framemktdigital,3.0
DavidsonGomes,SrOliver202023,3.0
DavidsonGomes,marcelinhov2,6.0
DavidsonGomes,brunopinto123,3.0
DavidsonGomes,juliomoreirx,3.0
DavidsonGomes,alexander-mattos,3.0
DavidsonGomes,ddavid-almeida,3.0
DavidsonGomes,fabiofrances,6.0
DavidsonGomes,pmas98,3.0
DavidsonGomes,schieck0,3.0
DavidsonGomes,danjtprod13213,3.0
DavidsonGomes,protracker251437,3.0
DavidsonGomes,edimarsiqueira90,6.0
DavidsonGomes,weslleyitelx,3.0
DavidsonGomes,andressalvarez,3.0
DavidsonGomes,minutacio,5.0
DavidsonGomes,arktnld,3.0
DavidsonGomes,User1Growth7,3.0
DavidsonGomes,BryanVillaDev,3.0
DavidsonGomes,gabrieldeoa,3.0
DavidsonGomes,italomarcelogit,6.0
DavidsonGomes,enoksaju,3.0
DavidsonGomes,moskoweb,64.0
DavidsonGomes,joao-baza,3.0
DavidsonGomes,HELIOPOTELICKI,6.0
DavidsonGomes,matefs,3.0
DavidsonGomes,deivid2025,3.0
DavidsonGomes,luisphtrindade,3.0
DavidsonGomes,emarineli,3.0
DavidsonGomes,haluwong,3.0
DavidsonGomes,liota,3.0
DavidsonGomes,jkenterprises-34,3.0
DavidsonGomes,mario-proteus-paypal,3.0
DavidsonGomes,tardisblink,3.0
DavidsonGomes,lucasbarsottini,3.0
DavidsonGomes,rcesar,3.0
DavidsonGomes,EnriqueGF,3.0
DavidsonGomes,bergpinheiro,6.0
DavidsonGomes,jhernandezb85,3.0
DavidsonGomes,ragnafanaticos,7.0
DavidsonGomes,GilMedeiros,3.0
DavidsonGomes,amacfe-ui,2.0
DavidsonGomes,Gabriel-oc1,3.0
DavidsonGomes,estvita,3.0
DavidsonGomes,gkp1,5.0
DavidsonGomes,felipeleite11,3.0
DavidsonGomes,edsonalanis,3.0
DavidsonGomes,IcaruuS22,3.0
DavidsonGomes,lucasnp92,3.0
DavidsonGomes,UniVersos1,3.0
DavidsonGomes,diegolinhares,3.0
DavidsonGomes,leonardoferreiradg,3.0
DavidsonGomes,Reikagilu,3.0
DavidsonGomes,alebraso,3.0
DavidsonGomes,spada23,3.0
DavidsonGomes,guilhermejansen,3.0
DavidsonGomes,iAm4badd0n,3.0
DavidsonGomes,iphoneconsult,3.0
DavidsonGomes,luan-nvg,3.0
DavidsonGomes,AleAmla987,3.0
DavidsonGomes,jaimenasser,3.0
DavidsonGomes,felipersteles,3.0
DavidsonGomes,jesulo,3.0
DavidsonGomes,Pbizado,3.0
DavidsonGomes,iamedusm,3.0
DavidsonGomes,matheus051004,3.0
DavidsonGomes,marcelo-candido,3.0
DavidsonGomes,theeusmartins,3.0
DavidsonGomes,GuianaStore,3.0
DavidsonGomes,erpwoosync,3.0
DavidsonGomes,zxtheuxz,3.0
DavidsonGomes,thexiox,3.0
DavidsonGomes,RuanMD,3.0
DavidsonGomes,Wibbox,3.0
DavidsonGomes,IgorFSSilva,3.0
DavidsonGomes,Feeh03114,3.0
DavidsonGomes,chetanshintre,9.0
DavidsonGomes,Franruaben11,3.0
DavidsonGomes,s-marques,3.0
DavidsonGomes,ip2cloud,3.0
DavidsonGomes,cowaleinc,3.0
DavidsonGomes,diego-lipinski-de-castro,3.0
DavidsonGomes,ViniciusLucas14,3.0
DavidsonGomes,claudiocorazza,3.0
DavidsonGomes,djalmaaraujo,3.0
DavidsonGomes,Matheus-Matta,3.0
DavidsonGomes,rodrigobg,3.0
DavidsonGomes,hmassareli,3.0
DavidsonGomes,Alex-HC2024,3.0
DavidsonGomes,hereck,3.0
DavidsonGomes,nilsonchagas,3.0
DavidsonGomes,ojauumdev,3.0
DavidsonGomes,devjn1998,3.0
DavidsonGomes,wylken,3.0
DavidsonGomes,imagine-pat,3.0
DavidsonGomes,Storedias,3.0
DavidsonGomes,alhaag,3.0
DavidsonGomes,hamzaa53,3.0
DavidsonGomes,jrvidotti,3.0
DavidsonGomes,modeldb-consultoria,3.0
DavidsonGomes,HPleite01,3.0
DavidsonGomes,marioirodrigues-dev,3.0
DavidsonGomes,MauMauRobert,3.0
DavidsonGomes,DanielSilvaol,6.0
DavidsonGomes,odirlon,3.0
DavidsonGomes,teovillanueva,3.0
DavidsonGomes,stuartffh,3.0
DavidsonGomes,uwe72,3.0
DavidsonGomes,Ryan03037,3.0
DavidsonGomes,abioluz,3.0
DavidsonGomes,joaosouz4dev,6.0
DavidsonGomes,renansko-vilela,5.0
DavidsonGomes,tukangparkir2008,3.0
DavidsonGomes,JeandersonR2,3.0
DavidsonGomes,michaelvips,3.0
DavidsonGomes,dsalvanhini,3.0
DavidsonGomes,johnnybs2,3.0
DavidsonGomes,SharkBounty,3.0
DavidsonGomes,DRIMOL,3.0
DavidsonGomes,BYMSA-DEX,3.0
DavidsonGomes,tiago18fap,3.0
DavidsonGomes,cleytoncoro,9.0
DavidsonGomes,smartscaile,3.0
DavidsonGomes,danilolimar,3.0
DavidsonGomes,dree4312,3.0
DavidsonGomes,Caous,3.0
DavidsonGomes,eTrinityE,3.0
DavidsonGomes,wagneralmandes,3.0
DavidsonGomes,jeanzulk,3.0
DavidsonGomes,Meicer10,3.0
DavidsonGomes,hillux2600,3.0
DavidsonGomes,juancresc,3.0
DavidsonGomes,Kaique-Grigoletto,12.0
DavidsonGomes,samuelterra22,4.0
DavidsonGomes,flpnascimento45,3.0
DavidsonGomes,MuriloAMiranda147,3.0
DavidsonGomes,victorpergher,3.0
DavidsonGomes,pedroramosuerj,3.0
DavidsonGomes,JBdesarrollo,3.0
DavidsonGomes,willianbsb,3.0
DavidsonGomes,JorgeHRP,3.0
DavidsonGomes,victorhugo-applicativa,3.0
DavidsonGomes,luccamrofc,6.0
DavidsonGomes,joaoguilhermeeu,3.0
p3dr0574,robertoborcem,2.0
p3dr0574,Goulart-SB,2.0
p3dr0574,WanderleyGrecco,6.0
p3dr0574,shahrammahadvi,2.0
p3dr0574,CaymanS0,10.0
danirpa,robertoborcem,2.0
VoeonAI,robertoborcem,2.0
chagasma,shahrammahadvi,2.0
JhonesSena,victorhugo-applicativa,2.0
dinesh-suthar-cdp,hilsoney1200-dotcom,2.0
dinesh-suthar-cdp,gabrielhhaber,2.0
gilney-canaltelecom,mizaelks,2.0
gilney-canaltelecom,andifilhohub,2.0
gilney-canaltelecom,vmssistemas,2.0
gilney-canaltelecom,dinesh-suthar-cdp,2.0
gilney-canaltelecom,VRAutomatize,2.0
sussamgtads,dinesh-suthar-cdp,2.0
FelipeBernardesDev,hilsoney1200-dotcom,4.0
FelipeBernardesDev,ti613,2.0
FelipeBernardesDev,dinesh-suthar-cdp,2.0
orfeubr,spotmkt,4.0
orfeubr,dinesh-suthar-cdp,2.0
reginaldo-machado,dinesh-suthar-cdp,2.0
UluanRichard,hilsoney1200-dotcom,2.0
WhiterBy1,hilsoney1200-dotcom,2.0
RoyallGuards,hilsoney1200-dotcom,2.0
diegoirs23,Mahmoudreda66,4.0
diegoirs23,VoeonAI,2.0
diegoirs23,NRotili,2.0
diegoirs23,elciogiaretta-ops,2.0
diegoirs23,Header9968,4.0
NRotili,kbetoacero,4.0
mastermailgeral,NRotili,4.0
YzKencebay,mikekiroz,2.0
YzKencebay,NRotili,2.0
tectg-solution,Darwin-IA-hub,2.0
tectg-solution,NRotili,2.0
TiagoGouvea,parkejunior,2.0
TiagoGouvea,Darwin-IA-hub,4.0
TiagoGouvea,MatheusMoraisDescomplica,2.0
TiagoGouvea,daisito,2.0
TiagoGouvea,kbetoacero,2.0
TiagoGouvea,rcesar,12.0
TiagoGouvea,VitorAf0nso,4.0
TiagoGouvea,jwdutra,4.0
TiagoGouvea,andersonfelipev,4.0
TiagoGouvea,vmssistemas,10.0
TiagoGouvea,PhyBruno,2.0
TiagoGouvea,Simplobot1,2.0
TiagoGouvea,MattCarneiro,2.0
TiagoGouvea,anirudhbagri,2.0
TiagoGouvea,JVini0166,2.0
TiagoGouvea,igorsamuelsouza22,2.0
TiagoGouvea,juliomoreirx,2.0
Luiz-Otavio-Dorigon,rodrigobeber,2.0
TrolljanO,amacfe-ui,2.0
TrolljanO,YzKencebay,6.0
modopraiano,andersonfelipev,2.0
modopraiano,YzKencebay,2.0
MurilloDanielOfficial,TrolljanO,2.0
Darwin-IA-hub,elciogiaretta-ops,2.0
claudiocastelo,Darwin-IA-hub,4.0
claudiocastelo,marcelinhov2,2.0
kunkanon,Darwin-IA-hub,2.0
asfcarvalho,Darwin-IA-hub,2.0
studiomarcanti,nicolasbarcellos,2.0
studiomarcanti,Darwin-IA-hub,2.0
studiomarcanti,fernandosegrr,4.0
pedro-vasconcelos-dev,Darwin-IA-hub,2.0
braiaagency,Darwin-IA-hub,2.0
Keven-sants,ti613,4.0
massilva,ti613,2.0
DarkWalking,ti613,4.0
juliancesar,patronotech,2.0
juliancesar,LuizLobao,2.0
juliancesar,IcaruuS22,2.0
juliancesar,linefds,2.0
juliancesar,camarigor,2.0
juliancesar,venturion,6.0
juliancesar,rbernardes,2.0
juliancesar,ti613,4.0
juliancesar,sluy,2.0
Caiohenrks,matbn,2.0
Caiohenrks,ti613,2.0
juniorerivaldo,Matheus-develope,6.0
juniorerivaldo,anirudhbagri,2.0
juniorerivaldo,ti613,2.0
juniorerivaldo,maysoncbn1-glitch,4.0
juniorerivaldo,theeusmartins,10.0
thiagomishaim,WanderleyGrecco,2.0
thiagomishaim,ti613,4.0
thiagomishaim,lokoquax,2.0
srmodid,marlonvinicius,2.0
FernandoBolzan,andersonfelipev,10.0
FernandoBolzan,Ben-Avrahami,2.0
FernandoBolzan,elciogiaretta-ops,6.0
Simplobot1,andersonfelipev,4.0
Simplobot1,vmssistemas,4.0
Dev-Rafhael,andersonfelipev,2.0
Guilhermesf27,anirudhbagri,4.0
hic000,ig0rayres,2.0
hic000,VoeonAI,2.0
eowoosh,chibancas,2.0
eowoosh,almirf,2.0
eowoosh,VRAutomatize,2.0
almirf,nicolasbarcellos,10.0
Vialc,nicolasbarcellos,4.0
Vialc,noratonegocios-ship-it,2.0
Vialc,almirf,2.0
VitorS0uza,Batt0sa1,2.0
VitorS0uza,JBdesarrollo,6.0
VitorS0uza,ddean6232,4.0
VitorS0uza,MikhailProfile,2.0
VitorS0uza,maickom88,2.0
VitorS0uza,hehuanju,2.0
VitorS0uza,danilolimar,2.0
VitorS0uza,unwarkz,2.0
TetoBertolla1,nicolasbarcellos,2.0
heydrick1,nicolasbarcellos,4.0
JustAtrasado,nicolasbarcellos,2.0
wenealves10,nicolasbarcellos,16.0
danyllolobo,nicolasbarcellos,2.0
queirozmat,nicolasbarcellos,2.0
queirozmat,s-marques,2.0
diegobrodr,nicolasbarcellos,2.0
diegobrodr,ielaineugc,2.0
maestropsi,Ben-Avrahami,2.0
maestropsi,Buglessren,2.0
maestropsi,elciogiaretta-ops,2.0
AlvaroBrasilia,mmojadad,2.0
nolramaf,PhantixRoot,2.0
nolramaf,juancresc,2.0
nolramaf,daisito,6.0
nolramaf,reisdiegoss,2.0
jhefersoncrescencio,BootecoBOot,6.0
jhefersoncrescencio,futurahaus,2.0
jhefersoncrescencio,reisdiegoss,2.0
jhefersoncrescencio,magnum1985,4.0
adrianovictorn,weblucianosoares-maker,4.0
BrianCz-Eng,weblucianosoares-maker,2.0
BrianCz-Eng,DiegoSalvati,2.0
du-medeiros,weblucianosoares-maker,2.0
Ben-Avrahami,kbetoacero,2.0
Ben-Avrahami,smartscaile,2.0
Bonilhajvv,Ben-Avrahami,2.0
gustauobr,Ben-Avrahami,2.0
raphael0627f,Ben-Avrahami,2.0
marlonvinicius,andifilhohub,2.0
marlonvinicius,Ben-Avrahami,4.0
marlonvinicius,spotmkt,4.0
lucascampuus,Ben-Avrahami,2.0
lucascampuus,marlonvinicius,2.0
kasambr,Ben-Avrahami,2.0
DanielBelorini,Ben-Avrahami,4.0
cristiandigisat-hub,Ben-Avrahami,4.0
GustavoCPrado,Ben-Avrahami,12.0
elizeufranca,Ben-Avrahami,4.0
dujobi-contato,Ben-Avrahami,2.0
leonardomnds,Ben-Avrahami,2.0
leonardomnds,RelaxSolucoes,2.0
srvelososantos,Ben-Avrahami,6.0
willDullius,Ben-Avrahami,2.0
fafadexs1,asilvacijun,2.0
hlspablo,asilvacijun,2.0
hlspablo,jjmmbb,2.0
hlspablo,josemiguelq,2.0
plalebtag,DiegoSalvati,4.0
nadersommer,DiegoSalvati,2.0
elciogiaretta-ops,marlonvinicius,2.0
AndersonVentin,elciogiaretta-ops,2.0
leotramanda,fernandosegrr,2.0
leotramanda,elciogiaretta-ops,2.0
jussimirvfx,elciogiaretta-ops,2.0
marinaninin,salmeidagois,2.0
marinaninin,elciogiaretta-ops,6.0
marinaninin,olucastoledo,4.0
RodrigoRosalin,elciogiaretta-ops,2.0
RodrigoRosalin,gptesv,2.0
FireGears,elciogiaretta-ops,2.0
msantosjader,therodmg-source,2.0
luiscorsog,GleisonOliveiraAds,2.0
luiscorsog,noratonegocios-ship-it,2.0
luiscorsog,viivaz,2.0
luiscorsog,anirudhbagri,2.0
luiscorsog,protracker251437,10.0
noratonegocios-ship-it,patrick2909,2.0
viivaz,patrick2909,2.0
viivaz,noratonegocios-ship-it,2.0
viivaz,augustosturm,2.0
viivaz,AntonioWeb-dev,2.0
AndreynBastos,patrick2909,2.0
AndreynBastos,Matheus-develope,2.0
AndreynBastos,noratonegocios-ship-it,2.0
Advfboliveira,noratonegocios-ship-it,2.0
C4stro,vianahub-pt,4.0
C4stro,carola-m,2.0
fvieir,rodrigobeber,4.0
fvieir,vianahub-pt,4.0
GustavoMenezes33,vianahub-pt,2.0
emanuelarcos,vianahub-pt,2.0
RaphaAlmeida,vianahub-pt,2.0
screamingandmore-cell,vianahub-pt,2.0
BezzerraJr,patrick2909,2.0
BezzerraJr,DanielSilvaol,2.0
BezzerraJr,willianbsb,2.0
BezzerraJr,jbenteu,2.0
BezzerraJr,marlonvinicius,2.0
BezzerraJr,trojantm,6.0
dgonzalez211,darkklin,2.0
dgonzalez211,vinicius-acruz,2.0
benjamimprofissional-web,sebastianxy,2.0
Eiai-Solutions,imaginelabpy-code,2.0
Eiai-Solutions,braiaagency,2.0
Eiai-Solutions,olucastoledo,4.0
devarsenal,Eiai-Solutions,2.0
guilhermemayrinkal,DanielSilvaol,2.0
guilhermemayrinkal,Eiai-Solutions,2.0
tam74k,Eiai-Solutions,2.0
dsnjunior,Eiai-Solutions,4.0
pelinche,Eiai-Solutions,2.0
thomasjeferssonvaz,Eiai-Solutions,2.0
thomasjeferssonvaz,lbernardo,2.0
cleberrafael,Eiai-Solutions,2.0
Samukaspc,Eiai-Solutions,2.0
Samukaspc,spotmkt,2.0
bclickdigital,Eiai-Solutions,2.0
pedrocagb,Eiai-Solutions,2.0
OussamaToumirt,accuhealth-cl,2.0
leorchrds,matbn,2.0
leorchrds,VRAutomatize,2.0
LeonardoT07,rodrigo-ogioni,2.0
vmssistemas,rodrigo-ogioni,2.0
rcarnavalli,vmssistemas,2.0
rcarnavalli,Alfr3d022,2.0
NathanMotoki,vmssistemas,2.0
XmasterFaeu,vmssistemas,4.0
matheuspoppl,vmssistemas,2.0
matheuspoppl,shorvelyn,2.0
josesapereira,vmssistemas,2.0
RenildoChavezFlujolink,vmssistemas,2.0
AlwaysPalaye,vmssistemas,2.0
luizbp,GustavoMimim,2.0
luizbp,vmssistemas,2.0
luizbp,daisito,2.0
luizbp,brunoadspro,4.0
MatheusMorais34,vmssistemas,2.0
Dheyvidj,vmssistemas,2.0
juniorxf,vmssistemas,2.0
juniorxf,felipeleite11,2.0
marcostaira,vmssistemas,4.0
aibotforproject,vmssistemas,2.0
flavio-r,vmssistemas,2.0
josealissonbr,vmssistemas,2.0
josealissonbr,luccamrofc,4.0
SuKuShaing,vmssistemas,4.0
VictoOliv,vmssistemas,2.0
CZERNOB0G,vmssistemas,4.0
chelof100,vmssistemas,2.0
oziresguisa-stack,vmssistemas,4.0
anassnammal,cassiofjardim,2.0
Gabrielribeiroic,Alfr3d022,2.0
GuilhermeBotingnon,Alfr3d022,8.0
edson-martins,Alfr3d022,2.0
rudarecordsdemo-creator,Alfr3d022,2.0
mendoncart,GustavoMimim,2.0
mendoncart,Alfr3d022,2.0
Erlonidas,Alfr3d022,2.0
NathanMuniz,nickxs1,2.0
mateusrovedaa,nickxs1,2.0
amadeujunior18,Felip3Figueredo,2.0
uendelcomu,imagine-pat,6.0
uendelcomu,Felip3Figueredo,2.0
uendelcomu,viivaz,2.0
savinnsk,Felip3Figueredo,2.0
savinnsk,hehuanju,2.0
kawhedorgy,hehuanju,2.0
DumahBrazorf,hehuanju,2.0
Davi-AMF,DanielSilvaol,2.0
Davi-AMF,daisito,10.0
Davi-AMF,hehuanju,2.0
Davi-AMF,lokoquax,2.0
ARMCardoso,hehuanju,2.0
marcelongf,hehuanju,2.0
rdelphino,Matheus-develope,2.0
rdelphino,hehuanju,2.0
asuma312,pablodiegoo,4.0
asuma312,hehuanju,2.0
dkydivyansh,hehuanju,2.0
oademarlima,spotmkt,2.0
oademarlima,viivaz,4.0
acacioegas,viivaz,2.0
acacioegas,AntonioWeb-dev,2.0
DiegoCostantino,viivaz,2.0
DiegoCostantino,shorvelyn,2.0
thiagocalixtoo,viivaz,2.0
thiagocalixtoo,sluy,2.0
rodrigobeber,yuri12344,2.0
rodrigobeber,braunericardo,2.0
adhubmarketing,spotmkt,2.0
Jeffmartt,magnum1985,4.0
italotkh,magnum1985,4.0
lucasthompsonamg,magnum1985,2.0
valessiobrito,JBdesarrollo,2.0
valessiobrito,magnum1985,2.0
Lucasbrunoferreira,LuizLobao,2.0
Lucasbrunoferreira,JBdesarrollo,2.0
Lucasbrunoferreira,andifilhohub,2.0
Lucasbrunoferreira,juancresc,2.0
Lucasbrunoferreira,magnum1985,2.0
adrianokelvio,vitorbrrs,2.0
spotmkt,joao-baza,4.0
Indaiahub,spotmkt,2.0
Issami96,spotmkt,4.0
Issami96,thexiox,2.0
vgdss,spotmkt,2.0
Bru-noSouza,spotmkt,2.0
wlustosaadv,spotmkt,4.0
willoak,spotmkt,2.0
carlosadmjr,spotmkt,2.0
wolffeduardo,spotmkt,2.0
Tecnicasoft,spotmkt,2.0
joaops2305,spotmkt,2.0
lucassan94,spotmkt,2.0
py-danilopontes,spotmkt,2.0
py-danilopontes,thexiox,4.0
andreteodoroalves,spotmkt,2.0
Edder097,spotmkt,2.0
yuri12344,JBdesarrollo,2.0
yuri12344,marinadilda,2.0
yuri12344,anirudhbagri,6.0
daisito,anirudhbagri,2.0
ldelvalleh,anirudhbagri,4.0
ldelvalleh,daisito,4.0
sectorres,daisito,2.0
OctavioB17,daisito,2.0
jcbsantos2015-code,daisito,2.0
MagaliL,daisito,2.0
Adilmar,daisito,2.0
danfelbm,daisito,2.0
danfelbm,gabrielhhaber,2.0
luisitochavarria-bit,daisito,4.0
shsolutions,daisito,2.0
MRegit,daisito,2.0
WalissonPires,daisito,2.0
fabriciomoreirao,Guilhermesf27,2.0
NascimentoRobsonSantos,Guilhermesf27,2.0
JeromeNelsonC,Guilhermesf27,2.0
MattCarneiro,vinicin7,2.0
MattCarneiro,abioluz,4.0
MattCarneiro,dv336699,2.0
MattCarneiro,vinicius-acruz,2.0
MattCarneiro,lucasnp92,2.0
MattCarneiro,johnnybs2,2.0
MattCarneiro,OscarAgent,2.0
MattCarneiro,rcesar,2.0
MattCarneiro,cleytoncoro,8.0
MattCarneiro,luiscorsog,2.0
MattCarneiro,Guilhermesf27,2.0
MattCarneiro,iamedusm,2.0
MattCarneiro,gkp1,6.0
MattCarneiro,TiagoGouvea,2.0
DjotaHasse,anirudhbagri,4.0
diegobentes,anirudhbagri,2.0
srvictorbatista,patronotech,4.0
srvictorbatista,luiz10leite-glitch,2.0
srvictorbatista,anirudhbagri,2.0
srvictorbatista,almirb,2.0
B3rr2304,anirudhbagri,2.0
BodeDimitri,anirudhbagri,6.0
BodeDimitri,liota,4.0
MuriloFernandesDev,anirudhbagri,2.0
brjorgedavid,anirudhbagri,2.0
RafaelCardozo02,LuizLobao,2.0
hiuryr,LuizLobao,2.0
lfelizari,LuizLobao,4.0
Emanuellefelix,LuizLobao,2.0
mhanelia,LuizLobao,2.0
mhanelia,shorvelyn,2.0
VilasBoas23,LuizLobao,2.0
luispimenta,LuizLobao,2.0
luispimenta,DanielSilvaol,8.0
luispimenta,miltonbastos,4.0
luispimenta,natanlopes01,2.0
luispimenta,joaosouz4dev,2.0
luispimenta,gkp1,2.0
ig0rayres,BootecoBOot,4.0
Miliotte,Matheus-develope,6.0
Miliotte,ig0rayres,2.0
acelmec,ig0rayres,2.0
andrefrancco,vinimerida,2.0
beliza0014,shorvelyn,2.0
agenciabrvdd,avaleadoficial,2.0
danilodoc,GustavoMimim,12.0
jicasa03,GustavoMimim,6.0
geopreguica-a11y,GustavoMimim,6.0
fehhmont,GustavoMimim,4.0
rafahoff,GustavoMimim,2.0
yMelu,Bluteco,2.0
gcomartins,Bluteco,2.0
sandersonrps,Bluteco,2.0
oferrariai,brunoadspro,2.0
uzieljr,JBdesarrollo,2.0
uzieljr,brunoadspro,2.0
uzieljr,VRAutomatize,2.0
RamonRodSou,brunoadspro,2.0
Thuglife22741,brunoadspro,2.0
danielkv,DanielSilvaol,2.0
danielkv,sebastianxy,2.0
danielkv,LeonardoSFreire,2.0
danielkv,GustavoNevez,2.0
jheissonn,GustavoNevez,2.0
FilippiAraujo,Matheus-develope,2.0
FilippiAraujo,Arenaz3,4.0
FilippiAraujo,leofelipet,4.0
FilippiAraujo,GustavoNevez,2.0
juniorcastr,sebastianxy,4.0
Aurelianny,sebastianxy,2.0
bmoweb,sebastianxy,2.0
Marcusluca,BootecoBOot,2.0
Marcusluca,sebastianxy,2.0
Marcusluca,gabrielhhaber,2.0
rbarcelo,sebastianxy,2.0
MatheusLedstar,yydevelopment,4.0
saviosprinty,shorvelyn,2.0
lostmga,shorvelyn,2.0
lostmga,rodrigo-ogioni,2.0
HameXAcademy,shorvelyn,4.0
lobx13,BootecoBOot,4.0
lobx13,shorvelyn,2.0
Alemar10,shorvelyn,4.0
fcperez96,shorvelyn,2.0
fcperez96,sluy,2.0
juliocamargo10,shorvelyn,4.0
luiz10leite-glitch,BootecoBOot,2.0
mjhidalgo,fernandosegrr,2.0
Gatelli1993,fernandosegrr,2.0
caesar621,fernandosegrr,2.0
grupale,mpacheco92,2.0
grupale,nachotdl,2.0
grupale,phroriz,6.0
grupale,CristianPG-FME,2.0
grupale,Vixti,2.0
grupale,RelaxSolucoes,2.0
grupale,gu1Vaz,2.0
grupale,jholhewres,2.0
rmogro,CristianPG-FME,2.0
GusMartins499,amacfe-ui,10.0
gkp1,patronotech,2.0
gkp1,IcaruuS22,4.0
gkp1,hatembadran,2.0
gkp1,halarumdigital,2.0
gkp1,amacfe-ui,6.0
gkp1,VRAutomatize,10.0
gkp1,edimarsiqueira90,2.0
allan-outside,ddean6232,2.0
allan-outside,OscarAgent,2.0
allan-outside,amacfe-ui,2.0
segeletron,Matheus-develope,2.0
ONinguem,BootecoBOot,14.0
kenneson,BootecoBOot,12.0
kenneson,Matheus-develope,16.0
kenneson,nickxs1,2.0
kenneson,flashanalytics-felipeaguiar,4.0
rodrigodsluz,BootecoBOot,2.0
lucaspmaiadev-gif,BootecoBOot,4.0
adrianobraz,BootecoBOot,8.0
Allvasc,BootecoBOot,2.0
lcmouras,BootecoBOot,4.0
MANINtecn,BootecoBOot,2.0
victor-hdgomes,BootecoBOot,4.0
goldfypro-debug,BootecoBOot,6.0
viniciusguardaa-cpu,BootecoBOot,2.0
Jotamtcoisa,BootecoBOot,2.0
renatom3ndes,BootecoBOot,2.0
placidodaniel,BootecoBOot,2.0
placidodaniel,im1hamada,4.0
marciobele,BootecoBOot,2.0
pinheirorangel89-art,BootecoBOot,2.0
masterkachu,BootecoBOot,4.0
conectoutsourcing,BootecoBOot,2.0
felipepiton,BootecoBOot,2.0
felipepiton,nidomus,2.0
romariouba,BootecoBOot,2.0
romariouba,guilombardi91,6.0
victor-azevedo,BootecoBOot,2.0
lucasevss,BootecoBOot,2.0
aguga491,BootecoBOot,6.0
julioantunes-ti,BootecoBOot,6.0
julioantunes-ti,guia-livre,2.0
tiosam21,BootecoBOot,4.0
danielmatiello,BootecoBOot,2.0
ArildoMello,BootecoBOot,2.0
karlosgaldino,BootecoBOot,2.0
quatroventos,BootecoBOot,2.0
previdprocessos-hashch,paulohenrique14,2.0
emretaskiran1,previdprocessos-hashch,4.0
mkfyasar,previdprocessos-hashch,2.0
Joao-Guthembergue,previdprocessos-hashch,2.0
imaginelabpy-code,Matheus-develope,12.0
imaginelabpy-code,nachotdl,2.0
pauloanalista,Matheus-develope,2.0
LuisGuilhermeRampaso,Matheus-develope,46.0
LuisGuilhermeRampaso,braiaagency,2.0
machoalfastore01-ai,Matheus-develope,22.0
andreysuprano,Matheus-develope,2.0
andreysuprano,brennersc,2.0
andreysuprano,braiaagency,2.0
FinPartner,Matheus-develope,4.0
FinPartner,braiaagency,2.0
souwilliamdiassilva,Matheus-develope,4.0
thiago-audithorium,Matheus-develope,2.0
thiago-audithorium,flashanalytics-felipeaguiar,2.0
andersonlkll,Matheus-develope,6.0
gabrielfelipeslv,Matheus-develope,2.0
MarcoLopezf,Matheus-develope,2.0
gustavo-lg,Matheus-develope,2.0
g-solis,Matheus-develope,2.0
cleprog-co,Matheus-develope,2.0
allefrodrigo,DanielSilvaol,2.0
allefrodrigo,Matheus-develope,2.0
Feeh03114,Matheus-develope,2.0
Feeh03114,joao-baza,2.0
Feeh03114,ojauumdev,2.0
marcoantoniofassa,Matheus-develope,2.0
PhyBruno,flashanalytics-felipeaguiar,2.0
PhyBruno,rdmalves87,2.0
PhyBruno,B3t4C0d3,2.0
PhyBruno,theeusmartins,2.0
PhyBruno,FBrandex,2.0
thiagoaaragao,flashanalytics-felipeaguiar,2.0
Fhelyp,flashanalytics-felipeaguiar,4.0
DeNiNhOoO,flashanalytics-felipeaguiar,4.0
DeNiNhOoO,braiaagency,2.0
thiagobrst,flashanalytics-felipeaguiar,4.0
vitorgomespro,flashanalytics-felipeaguiar,4.0
lucasgsalmeida,flashanalytics-felipeaguiar,2.0
lucasgsalmeida,InfiniteGear,6.0
gustavosouzalima,flashanalytics-felipeaguiar,2.0
lucasmassarosimoes,flashanalytics-felipeaguiar,2.0
lucaskreich,braiaagency,2.0
lucaskreich,Rodribm10,2.0
renatogava,braiaagency,2.0
alexsandroluz,braiaagency,2.0
BeOnTech01,braiaagency,2.0
medinavs,braiaagency,4.0
antoniogsouzaag,nachotdl,2.0
antoniogsouzaag,RelaxSolucoes,2.0
imapproved,nachotdl,2.0
arthurbrenno,vinicin7,2.0
arthurbrenno,massimorm,2.0
kunumigab,MatheusCostaVaz,2.0
kunumigab,celestinofjanuario-ctrl,2.0
hereck,trojantm,2.0
hereck,agenciasinapse,2.0
Victorcassiano,olucastoledo,6.0
Victorcassiano,protracker251437,4.0
abdelrhmanfawzym,sluy,2.0
abdelrhmanfawzym,joaovcoliveira,2.0
Cranbaerry,abdelrhmanfawzym,4.0
GTMoraes,abdelrhmanfawzym,2.0
GTMoraes,AntonioWeb-dev,4.0
lucasguzo,JBdesarrollo,2.0
lucasguzo,abdelrhmanfawzym,2.0
zurielamorim,abdelrhmanfawzym,4.0
jonathanpog98,fokc1509,2.0
jonathanpog98,linefds,2.0
jonathanpog98,DanielSilvaol,2.0
jonathanpog98,nickxs1,2.0
jonathanpog98,Vitordotpy,4.0
jonathanpog98,douglasfranciscon,2.0
estebanlis,RelaxSolucoes,2.0
mahdihaghnegar,RelaxSolucoes,2.0
willph,RelaxSolucoes,2.0
isaqueipromotora,RelaxSolucoes,4.0
Brandevtech,RelaxSolucoes,2.0
flavioxx,RelaxSolucoes,2.0
menezesvitoria1502-art,Pedreiros22,2.0
menezesvitoria1502-art,RelaxSolucoes,2.0
mpacheco92,RelaxSolucoes,2.0
Jadsonps-dev,RelaxSolucoes,2.0
carvalho7976,RelaxSolucoes,4.0
redequeroimoveis,RelaxSolucoes,2.0
FCanedo90,sidneyfmeco,4.0
viniciusferreira-sys,guia-livre,2.0
hernandesbylara,edusachs,2.0
hernandesbylara,guia-livre,4.0
miguelbispo,guia-livre,4.0
Vinn4k,guia-livre,2.0
DanielSilvaol,devjn1998,2.0
DanielSilvaol,gkp1,2.0
forwardbridgefw-stack,DanielSilvaol,2.0
forwardbridgefw-stack,trojantm,2.0
forwardbridgefw-stack,Davi-AMF,2.0
metrifiquese-spec,DanielSilvaol,2.0
luizcw,DanielSilvaol,2.0
luizcw,linefds,2.0
luizcw,natanlopes01,6.0
luizcw,DAVIAMERICO242,2.0
luizcw,Vitordotpy,2.0
luizcw,agenciabrvdd,6.0
BryanLucas7,DanielSilvaol,2.0
BryanLucas7,natanlopes01,2.0
BryanLucas7,DAVIAMERICO242,2.0
BryanLucas7,avaleadoficial,2.0
BryanLucas7,sluy,2.0
cadukiz,DanielSilvaol,2.0
ejferrazzongit,DanielSilvaol,2.0
JefersonRamos,DanielSilvaol,2.0
JefersonRamos,abioluz,2.0
dlc-letelier,DanielSilvaol,2.0
dlc-letelier,phroriz,4.0
dlc-letelier,jbenteu,4.0
leonardolessa,DanielSilvaol,2.0
leonardolessa,Batt0sa1,2.0
hugoinsider,Pedreiros22,4.0
santosgalahack,Pedreiros22,2.0
davidreis90-spec,Pedreiros22,2.0
JuniorBods,adolfosp,2.0
RaFaeL-Cunha,DanielSilvaol,2.0
abioluz,prhost,4.0
abioluz,tonimoreiraa,4.0
AlejoTorres2001,abioluz,2.0
renansko-vilela,abioluz,2.0
renansko-vilela,sluy,2.0
JeandersonR2,DAVIAMERICO242,2.0
michaelvips,Pequem,2.0
michaelvips,DAVIAMERICO242,4.0
michaelvips,Srreven,2.0
michaelvips,JOESTAR117,8.0
michaelvips,User1Growth7,2.0
michaelvips,amacfe-ui,2.0
michaelvips,rodrigo-ogioni,4.0
michaelvips,DaviResDev,2.0
michaelvips,joaoguilhermeeu,2.0
tobiasbenkner,amacfe-ui,2.0
cleytoncoro,patronotech,2.0
cleytoncoro,chetanshintre,2.0
cleytoncoro,Pequem,2.0
cleytoncoro,Arenaz3,2.0
cleytoncoro,hqvnet,2.0
cleytoncoro,sluy,22.0
cleytoncoro,josemiguelq,4.0
cleytoncoro,VRAutomatize,40.0
joaovcoliveira,lucianokatze,2.0
joaovcoliveira,sluy,6.0
joaovcoliveira,smartscaile,2.0
KokeroO,IcaruuS22,2.0
KokeroO,willianbsb,14.0
KokeroO,Gabriel-Souza2,14.0
KokeroO,WanderleyGrecco,2.0
KokeroO,InfiniteGear,2.0
KokeroO,rafwell,6.0
KokeroO,sluy,14.0
KokeroO,TiagoGouvea,4.0
KokeroO,rcesar,2.0
KokeroO,matsnascimento,2.0
RamonSouza96,sluy,2.0
daniel-eder,sluy,4.0
juniortopanotti,JeandersonR2,2.0
juniortopanotti,WanderleyGrecco,2.0
juniortopanotti,sluy,2.0
pedroarthuralvesdeoliveira,sluy,2.0
pedroarthuralvesdeoliveira,joaovcoliveira,2.0
brunosantanarj,prhost,2.0
brunosantanarj,sluy,2.0
robsonrosa,Lucasendlichgomes,2.0
robsonrosa,sluy,2.0
jjmmbb,natanlopes01,4.0
jjmmbb,leofelipet,2.0
lcssurf,gptesv,2.0
flavianoredressa,gptesv,2.0
flavianoredressa,josemiguelq,6.0
brunoblbla,gu1Vaz,2.0
joaocps,mmojadad,2.0
gbpufscar,mmojadad,2.0
DaniloGouvea,mmojadad,2.0
zaryabmustafa,mmojadad,2.0
luisadidomenico,mmojadad,2.0
maikramer,mmojadad,2.0
beeowned,phroriz,2.0
dhyegocalota,phroriz,2.0
danielvieirabrwo,natanlopes01,6.0
danielvieirabrwo,phroriz,2.0
danielvieirabrwo,willianbsb,2.0
danielvieirabrwo,CaymanS0,2.0
danielvieirabrwo,rcesar,6.0
danielvieirabrwo,lokoquax,2.0
ppimentelrj,phroriz,2.0
RenanRodriguesTI,phroriz,4.0
RenanRodriguesTI,s-marques,2.0
asanches-dot,phroriz,2.0
FelipeVeiga,carola-m,2.0
bgoncalves98,carola-m,2.0
mariano-aferrari,carola-m,2.0
andifilhohub,OscarAgent,2.0
thiagotoffanetto,andifilhohub,2.0
ftruppel,andifilhohub,2.0
matewz,andifilhohub,4.0
jdinix,andifilhohub,2.0
JMultimidia,andifilhohub,2.0
rodolphoAle,andifilhohub,2.0
rodolphoAle,marcelo-candido,2.0
erigobeli,andifilhohub,4.0
michumichifu,andifilhohub,4.0
CuriousGu,andifilhohub,2.0
abdulsamadola,andifilhohub,2.0
rhuan-angio,leoslg,2.0
AntonioWeb-dev,avaleadoficial,4.0
Lmagalhaesz,AntonioWeb-dev,4.0
guilhermegobbo,Davi-AMF,2.0
wagnerraugustp,gptesv,2.0
codemaoz90,Sarkozit,2.0
JhonTechBr,kuncoroatmojo,2.0
JhonTechBr,YzKencebay,2.0
JhonTechBr,joaoguilhermeeu,2.0
utadluis,YzKencebay,2.0
rarisenpai,YzKencebay,4.0
CosminIordache,hasiburbondstein-dotcom,2.0
fabriciofeijo,avaleadoficial,2.0
nachokhan,avaleadoficial,2.0
andreylima,natanlopes01,4.0
andreylima,Simplobot1,4.0
andreylima,avaleadoficial,2.0
Edupazzi,WesleyjanLacerda,2.0
Julio-Braz,WesleyjanLacerda,2.0
truutruu667-cloud,WesleyjanLacerda,2.0
dani-pinheiro01,WesleyjanLacerda,4.0
viictorcamposs,WesleyjanLacerda,4.0
WevertonRufoTavares,WesleyjanLacerda,4.0
davidmnzs,leoslg,2.0
gabrielroger2020,felipepiton,8.0
gabrielroger2020,oMaiaa,2.0
gabrielroger2020,Lucasendlichgomes,6.0
gabrielroger2020,icarojobs,4.0
gabrielroger2020,Legionariocf,4.0
gabrielroger2020,Pedreiros22,2.0
gabrielroger2020,astoraoliveira-alt,2.0
gabrielroger2020,marquinhos2701,2.0
gabrielroger2020,AntonioWeb-dev,4.0
Danilim04,felipepiton,2.0
mv8digital,felipepiton,2.0
MUKINH4,felipepiton,2.0
pontedigital1,willianbsb,2.0
pontedigital1,schimaia1,4.0
pontedigital1,VRAutomatize,2.0
pontedigital1,Alex-HC2024,2.0
pontedigital1,joaovcoliveira,2.0
pontedigital1,lokoquax,2.0
gabrielrouss,salmeidagois,2.0
gabrielrouss,joaovcoliveira,2.0
midcompany,astoraoliveira-alt,2.0
mizaelks,stuartffh,2.0
LucianTavares,mizaelks,2.0
LucianTavares,StbanMc,2.0
rodrigorochanl,AntonioWeb-dev,2.0
jsonmc96,AntonioWeb-dev,2.0
DAVIAMERICO242,jacksonlcruz,2.0
DAVIAMERICO242,raguife,2.0
DAVIAMERICO242,mike66888866-beep,2.0
DAVIAMERICO242,J-Pster,2.0
DAVIAMERICO242,willzins,2.0
TilsonM17,Lucasendlichgomes,2.0
TilsonM17,eudesmcf,2.0
TilsonM17,zua-1,4.0
AlexandreProenca,icarojobs,2.0
MohaDevPro,icarojobs,2.0
MohaDevPro,heber0s,2.0
nrokiredef,marquinhos2701,4.0
RaphaelBerbel,marquinhos2701,2.0
gcdesigner,backupsGit,2.0
lfvperes,backupsGit,4.0
jesustejerina,raguife,2.0
marciodiasdeveloper,brennersc,2.0
gustavodona,brennersc,4.0
afrociberdelio,brennersc,2.0
rillerqueiroz,natanlopes01,2.0
rillerqueiroz,brennersc,2.0
rillerqueiroz,OscarAgent,2.0
rillerqueiroz,VRAutomatize,2.0
Bubex,brennersc,2.0
RodolfoBonis,brennersc,2.0
nandobfer,crawlchange,2.0
nandobfer,gabrielhhaber,6.0
Tom225533,nandobfer,2.0
caionorder,ktfth,2.0
caionorder,musemby,2.0
caionorder,chetanshintre,2.0
caionorder,juancresc,6.0
caionorder,VRAutomatize,10.0
caionorder,stuartffh,2.0
CarlosEReis,ktfth,6.0
darwingtx,vinicius-acruz,2.0
darwingtx,lucianokatze,4.0
educardoso,DAVIAMERICO242,2.0
educardoso,theeusmartins,4.0
JoaoAFSousa,educardoso,2.0
rosbergrodrigues,educardoso,2.0
MikeSoft,gabrielhhaber,4.0
pedroSoaresll,s-marques,2.0
pedroSoaresll,gabrielhhaber,2.0
pedroSoaresll,zxtheuxz,2.0
pedroSoaresll,cleytoncoro,4.0
floresdemoksha,gabrielhhaber,2.0
Pohl2025,gabrielhhaber,6.0
MONTAR0N,gabrielhhaber,2.0
davijr,oMaiaa,2.0
shNerotic,oMaiaa,2.0
EmadBiteon,lucianokatze,2.0
EmadBiteon,jotarodriguezv,2.0
Vitordotpy,DAVIAMERICO242,2.0
Vitordotpy,lbfabiano7,2.0
Vitordotpy,InfiniteGear,2.0
Vitordotpy,jamesjhonatan123,4.0
Vitordotpy,dvmarthur,4.0
Vitordotpy,DanielSilvaol,4.0
Vitordotpy,JBdesarrollo,2.0
Vitordotpy,natanlopes01,2.0
Vitordotpy,kakoia,4.0
Vitordotpy,willianbsb,2.0
Vitordotpy,kay0ramon,4.0
Vitordotpy,micaelmz,4.0
Vitordotpy,muriloleal13,4.0
Vitordotpy,dylanoli,2.0
Vitordotpy,yydevelopment,4.0
Vitordotpy,gabrielmouallem,4.0
Vitordotpy,venturion,2.0
Vitordotpy,rodps,4.0
Vitordotpy,vitoramaral10,2.0
NabilSgar,Vitordotpy,2.0
sostenesapollo,top-master,4.0
sostenesapollo,DAVIAMERICO242,2.0
sostenesapollo,Pequem,2.0
dpaes,VitorS0uza,2.0
dpaes,parkejunior,5.0
dpaes,srpavani,2.0
dpaes,rafael-keller,5.0
dpaes,leofelipet,2.0
dpaes,tiagocaus,4.0
dpaes,djalmaaraujo,2.0
dpaes,lucasstxp,2.0
dpaes,bodolay-prog,4.0
dpaes,VitorAf0nso,5.0
dpaes,ezzCoutinho,2.0
dpaes,musemby,7.0
dpaes,patrickmau,5.0
dpaes,dylanoli,2.0
dpaes,zua-1,5.0
dpaes,martoni891,5.0
dpaes,mike66888866-beep,2.0
dpaes,LineckerN,2.0
dpaes,TiagoGouvea,2.0
dpaes,Raphaildest,4.0
dpaes,joao-baza,5.0
dpaes,bahoan,2.0
dpaes,DAVIAMERICO242,3.0
dpaes,rogeriolixa,2.0
dpaes,maickom88,4.0
dpaes,Kaique-Grigoletto,2.0
dpaes,danielvieirabrwo,2.0
dpaes,ap4everthing,5.0
dpaes,fernandoa935,5.0
dpaes,lmontelatto,5.0
dpaes,palvesgomes73,5.0
dpaes,master-kenobi,2.0
dpaes,jwdutra,2.0
dpaes,JBdesarrollo,5.0
dpaes,eronGreco,2.0
dpaes,rafaeltreymor,2.0
dpaes,admdanielspalma,5.0
dpaes,MattCarneiro,4.0
dpaes,rafaelmenon,5.0
dpaes,cowaleinc,2.0
dpaes,g-vrd,2.0
dpaes,GilMedeiros,2.0
dpaes,srvictorbatista,5.0
dpaes,Gabriel-oc1,2.0
dpaes,joweste,5.0
dpaes,gkp1,2.0
dpaes,usjavs14,5.0
dpaes,ARMCardoso,5.0
andres99x,DAVIAMERICO242,2.0
andres99x,Simplobot1,6.0
vitusan,DAVIAMERICO242,2.0
HectorMouraM,DAVIAMERICO242,2.0
delattre1,HELIOPOTELICKI,2.0
delattre1,limadrops06-ui,2.0
voacatofe,limadrops06-ui,2.0
igorafDEV,limadrops06-ui,2.0
ghost,DanielSilvaol,2.0
ghost,natanlopes01,2.0
ghost,CaymanS0,2.0
ghost,thexiox,2.0
ghost,vitoramaral10,4.0
ghost,heber0s,2.0
Albatroxi,DAVIAMERICO242,4.0
raphaelscaf,DAVIAMERICO242,2.0
VictorWollyver,DAVIAMERICO242,2.0
diogod2r,renansko-vilela,4.0
adindaco,renansko-vilela,2.0
natanlopes01,InfiniteGear,2.0
tasfw,natanlopes01,2.0
tasfw,trojantm,16.0
tasfw,augustosturm,12.0
tasfw,jose-villamizar-JVL,2.0
GustavoNovak,natanlopes01,2.0
GustavoNovak,Kaique-Grigoletto,2.0
GustavoNovak,wylken,2.0
brunobsolano,natanlopes01,2.0
MatheusCostaVaz,HELIOPOTELICKI,2.0
MatheusCostaVaz,natanlopes01,2.0
tonimoreiraa,natanlopes01,2.0
tonimoreiraa,Batt0sa1,2.0
joacir,natanlopes01,2.0
WanderleyGrecco,gabrielhhaber,2.0
WanderleyGrecco,augustosturm,2.0
WanderleyGrecco,fabriciofeijo,2.0
byronkenoly,gabrielhhaber,2.0
vitoramaral10,nidomus,2.0
vitoramaral10,trojantm,2.0
jardeldourado10,vitoramaral10,2.0
caua1503,leonardobitt,2.0
thivalente,leonardobitt,2.0
MELUAUTOMACOES,thezykedev,2.0
rivasduran,frieck,2.0
elmandayp,Vitordotpy,2.0
campodonio-bit,jinfanzon,2.0
Belkior,dvmarthur,4.0
Belkior,theeusmartins,2.0
rafaelpoa,dvmarthur,4.0
cardosoleandro,Batt0sa1,2.0
cardosoleandro,dvmarthur,2.0
000MaDz000,PhantixRoot,8.0
MikhailProfile,kileandrasoares,8.0
MikhailProfile,Davis-IA,2.0
Phristyle,nidomus,2.0
Phristyle,JorgeHRP,2.0
Phristyle,samuelterra22,4.0
Phristyle,ViniciusLucas14,2.0
nicolaseleitorweb-star,nidomus,2.0
marcosmarf27,nidomus,4.0
dgreis,Feeh03114,2.0
dgreis,PhyBruno,4.0
furious,PhyBruno,8.0
RuanWill29,olucastoledo,2.0
telenovo-telecom,olucastoledo,2.0
matheushug0,Victorcassiano,2.0
matheushug0,olucastoledo,2.0
Tutiten,davidlustosa,2.0
Tutiten,olucastoledo,2.0
ErickECD,olucastoledo,2.0
NightWolfw,olucastoledo,2.0
isadoragalvaoss,Batt0sa1,4.0
RaphaDZN,Batt0sa1,6.0
claudiohsc,Batt0sa1,4.0
diegocpires,Batt0sa1,2.0
htsnet,Batt0sa1,8.0
nicolastrabalho-rgb,Batt0sa1,2.0
cassianomansano,Batt0sa1,2.0
cassianomansano,Kaique-Grigoletto,2.0
danielfsbarreto,AlejoTorres2001,2.0
celiacarvalhopsi10-commits,DaviResDev,2.0
Allternatelab,DaviResDev,2.0
Fotonnn,prhost,2.0
Fotonnn,TheEmanuelSampaio,2.0
bocmx,Fotonnn,6.0
bocmx,Caous,2.0
stevapps0,WanderleyGrecco,2.0
Clistenis99,lksdog,2.0
GabrielMBoeira,lksdog,2.0
venturion,VRAutomatize,2.0
jsoescobar,venturion,2.0
tosipaulo,VoeonAI,4.0
tosipaulo,kbetoacero,2.0
gahius,VoeonAI,2.0
allanrms,VoeonAI,6.0
Filipe-QuickFlip,VoeonAI,2.0
andreswiidigital,VoeonAI,8.0
uelton22,VoeonAI,4.0
brendonalcantara97,VoeonAI,2.0
dennerstorres,VoeonAI,2.0
thiagomirandamc,VoeonAI,4.0
dresslerfelipe,VoeonAI,2.0
LucianoSilvaSantos,VoeonAI,2.0
aislandener,VoeonAI,2.0
PHDiniiz,VoeonAI,2.0
evieira357,AlejoTorres2001,6.0
evieira357,VoeonAI,2.0
arielesp,VoeonAI,2.0
gabriel447,kbetoacero,4.0
razametal,kbetoacero,2.0
josemiguelq,MattCarneiro,6.0
josemiguelq,edusachs,2.0
paranatrack,josemiguelq,2.0
esskyyy,josemiguelq,2.0
andre-tolentino,agenciabrvdd,2.0
LincolnFranca,agenciabrvdd,2.0
AngeloBestetti,ofabianomartins,2.0
luiscabus,lluiscab,2.0
dylanoli,lucsqroz,6.0
pedrobtenorio,Sarkozit,2.0
ivanmirandaf,Sarkozit,2.0
paulobautz,ArturoRivera98,2.0
heber0s,paulohenrique14,2.0
ericklb84,paulohenrique14,2.0
ericklb84,heber0s,2.0
persi-ai,heber0s,2.0
crazynds,thiagosmagalhaes,2.0
crazynds,leonardoFrizziFetchly,2.0
crazynds,yuri12344,2.0
crazynds,maysoncbn1-glitch,2.0
crazynds,heber0s,2.0
vanchenkin,heber0s,2.0
lucafanucchi,Phristyle,2.0
lucafanucchi,rodolfocella,2.0
lucafanucchi,heber0s,2.0
sako313,heber0s,2.0
naeem-afadar,heber0s,2.0
abhinavaggarwal1981,heber0s,2.0
MIGUELNINOSILVA,claudiocorazza,2.0
MIGUELNINOSILVA,heber0s,2.0
CaymanS0,danielrvieira,4.0
CaymanS0,guilherme2711,2.0
benjaminheredia1,CGSobral,4.0
ederbatera,CGSobral,2.0
lokoquax,HELIOPOTELICKI,2.0
lokoquax,fabriciomoreirao,2.0
lokoquax,CGSobral,2.0
brunodsstudio,JBdesarrollo,2.0
andrealencar,CaymanS0,2.0
andrekutianski,CaymanS0,8.0
andrekutianski,VRAutomatize,2.0
guhweb,CaymanS0,10.0
thiagoomatheus,JBdesarrollo,2.0
thiagoomatheus,rogeriolixa,2.0
thiagoomatheus,dsalvanhini,2.0
thiagoomatheus,cowaleinc,4.0
thiagoomatheus,CaymanS0,4.0
thiagoomatheus,leoruza,2.0
danielrvieira,CaymanS0,10.0
gabizera,CaymanS0,4.0
edersonmartinsv,CaymanS0,4.0
Hatem-UrWave,ricdemgtz,2.0
Hatem-UrWave,teovillanueva,2.0
darc1008,ricdemgtz,2.0
ShIvAmKaUsHaL69,ricdemgtz,4.0
moamkh,ricdemgtz,2.0
liuanmachado19,vinicin7,2.0
liuanmachado19,AlejoTorres2001,2.0
yLost,AlejoTorres2001,2.0
yLost,salmeidagois,4.0
JhonnMeira,AlejoTorres2001,2.0
Massa191,AlejoTorres2001,2.0
caioamaral,miltonbastos,2.0
meumlpontocom,miltonbastos,4.0
LucasGazulaICCAP,srpavani,2.0
ddavid-almeida,sergiogonzalezfreelance,2.0
ddavid-almeida,LucasGazulaICCAP,2.0
ddavid-almeida,jbenteu,2.0
ddavid-almeida,edusachs,2.0
ddavid-almeida,trojantm,8.0
ddavid-almeida,Vitordotpy,2.0
ddavid-almeida,augustosturm,2.0
ddavid-almeida,VitorAf0nso,2.0
ddavid-almeida,italomarcelogit,2.0
nadoneves,LucasGazulaICCAP,2.0
dimitrihartt,LucasGazulaICCAP,2.0
rubithedev,Oivolari,2.0
rubithedev,protracker251437,2.0
nestordavalos,Luis-Fernando-Developer,6.0
nestordavalos,Oivolari,2.0
GabrielM0709,protracker251437,6.0
vinitercariol,protracker251437,2.0
Flow-Sistemas,douglasfranciscon,2.0
w-mcardoso,douglasfranciscon,2.0
agvirgula,douglasfranciscon,2.0
fredericopaulista,douglasfranciscon,2.0
DCajiao,jayceadler,2.0
DevGabito0709,jayceadler,2.0
strvictor,danielrvieira,2.0
AnxHall,eronGreco,2.0
AnxHall,willianbsb,4.0
AnxHall,danielrvieira,2.0
AnxHall,rafwell,4.0
Tiagoamrein,danielrvieira,4.0
jonra1993,danielrvieira,2.0
lucasnjsilva,paulohenrique14,2.0
Efluxoautomacao,paulohenrique14,2.0
reno3788,paulohenrique14,2.0
albanirneves,vinicin7,2.0
albanirneves,Simplobot1,2.0
albanirneves,yydevelopment,2.0
albanirneves,tardisblink,2.0
albanirneves,iamedusm,2.0
albanirneves,rodrigo-ogioni,2.0
albanirneves,augustosturm,2.0
albanirneves,maysoncbn1-glitch,4.0
M4rdine,romariouba,2.0
M4rdine,Simplobot1,2.0
M4rdine,Kaique-Grigoletto,2.0
sonicwil,Simplobot1,2.0
NestorMiniDEV,Simplobot1,2.0
Mdmartinez97,Simplobot1,2.0
HELIOPOTELICKI,Simplobot1,2.0
HELIOPOTELICKI,rodrigobg,4.0
JulioLang,Simplobot1,2.0
kcifuentes,Simplobot1,2.0
rrodriguescs,Simplobot1,2.0
tomatoes-prog,Simplobot1,2.0
fbeas,Simplobot1,2.0
brasiljh,Simplobot1,2.0
lafi87,Simplobot1,2.0
lwkoon,Simplobot1,2.0
im-srj,Simplobot1,2.0
Ebaoj,maysoncbn1-glitch,2.0
sanches182,maysoncbn1-glitch,6.0
marcinn001,maysoncbn1-glitch,4.0
ricardotassone,maysoncbn1-glitch,4.0
Yefclub,maysoncbn1-glitch,2.0
raulsilvaitpro,maysoncbn1-glitch,2.0
bernardes-93,maysoncbn1-glitch,2.0
gminarello,lokoquax,12.0
Jeferson-Ramos-Einov,lokoquax,6.0
eduardobassan,lokoquax,2.0
Emanuelvtsg,lokoquax,2.0
Carloscadu8700,lokoquax,2.0
augustosturm,willianbsb,2.0
joweste,trojantm,2.0
joweste,augustosturm,2.0
abextadu,augustosturm,2.0
hiker328,augustosturm,4.0
edsonalanis,augustosturm,2.0
andrealmei,augustosturm,2.0
miguelarcjr,augustosturm,2.0
cayquecastellucci,augustosturm,2.0
joaoppa,augustosturm,2.0
Rodrigo-SE03,augustosturm,2.0
rafael-keller,juancresc,6.0
rafael-keller,josevitor676,2.0
rafael-keller,augustosturm,4.0
rafael-keller,VRAutomatize,8.0
sachinravindran,augustosturm,2.0
mauriblint,VitorS0uza,2.0
mauriblint,VictorCard2022,2.0
Shadoxity,Panic1811,2.0
djbautista,Panic1811,2.0
DevNeuronex,VRAutomatize,2.0
caiobleggi,AbdullahZaher,4.0
caiobleggi,Feeh03114,6.0
Gtiware,ddean6232,2.0
amo-mkt,ddean6232,2.0
life347,ddean6232,4.0
franciscof5,ddean6232,2.0
Jpcampos123,ddean6232,2.0
trojantm,Vitordotpy,2.0
juniorgermano,HELIOPOTELICKI,2.0
juniorgermano,willianbsb,2.0
juniorgermano,trojantm,2.0
iamedusm,trojantm,4.0
iamedusm,marioirodrigues-dev,2.0
poupeplanfinan,trojantm,2.0
AndersonProfeta,trojantm,2.0
Matrix-Bebeto,trojantm,2.0
robsonflowers,kingkaibr,2.0
robsonflowers,jbenteu,8.0
robsonflowers,trojantm,12.0
nathanarend,trojantm,2.0
everttoncampos,trojantm,6.0
GuianaStore,trojantm,2.0
pedroivobraga,DanielSilvaol,2.0
pedroivobraga,austriansnow,2.0
pedroivobraga,theeusmartins,4.0
esalonso,austriansnow,2.0
brunoleitem,austriansnow,2.0
natani3ls,austriansnow,2.0
joanna-carvalho,salmeidagois,2.0
joanna-carvalho,InfiniteGear,2.0
trendplacebr,salmeidagois,2.0
ViniciusDalZot,salmeidagois,2.0
zxtheuxz,salmeidagois,2.0
willskz,salmeidagois,2.0
matheusaudi,salmeidagois,2.0
augustresende,uwe72,4.0
021fneves,luiscorsog,2.0
crosspopz,allanbrunobr,2.0
1Jo1,leonardoFrizziFetchly,2.0
spacewaterbear,leonardoFrizziFetchly,2.0
hyagonani,salmiox,2.0
hyagonani,edusachs,2.0
Jaya-Braga,francisbreit,2.0
janiohr,FBrandex,2.0
Lsmelo80,FBrandex,2.0
sibelius,FBrandex,2.0
JoePereiraa,victorpergher,2.0
UnDer-7,AlejoTorres2001,2.0
UnDer-7,tiago18fap,4.0
creditosya26-creator,saggerbr,2.0
Claudi0-Oliveira,jacksonlcruz,2.0
jbenteu,jacksonlcruz,2.0
jbenteu,joaosouz4dev,2.0
jbenteu,InfiniteGear,2.0
iderlando,jacksonlcruz,2.0
Liviofrol,jacksonlcruz,2.0
Sajidali001,viniciusbraz-dev,2.0
Sajidali001,teovillanueva,2.0
Sajidali001,rodolfocella,2.0
johnathanscc,rodolfocella,2.0
brunocastilho88,rodolfocella,2.0
viniciusbraz-dev,imagine-pat,2.0
karthiknitt,viniciusbraz-dev,4.0
JoseAngelGlz,viniciusbraz-dev,4.0
LeninZapata,schimaia1,4.0
kay0ramon,jbenteu,4.0
lvfproducao,DanielSilvaol,2.0
lvfproducao,jbenteu,2.0
augustocss,jbenteu,4.0
gomesOseias,jbenteu,2.0
sgrcreations,jotarodriguezv,2.0
itukconsulting,jotarodriguezv,2.0
cassiodev,wylken,2.0
matheuslenke,wylken,2.0
imagine-pat,VicenteBatistaVB,2.0
delim777,imagine-pat,2.0
edsonwachholz,imagine-pat,2.0
alhaag,imagine-pat,2.0
alhaag,Alex-HC2024,2.0
pedrosantosexe,imagine-pat,2.0
andreynevez,imagine-pat,2.0
andreynevez,marioirodrigues-dev,4.0
Thyanri,imagine-pat,2.0
atlasborn,imagine-pat,2.0
gibranpulga,imagine-pat,2.0
VicenteBatistaVB,rodrigossoares322,2.0
phLuna,VicenteBatistaVB,2.0
brumviews,VicenteBatistaVB,4.0
EduardoAndradeMachado,VicenteBatistaVB,6.0
mcabral2510,fokc1509,4.0
mcabral2510,VicenteBatistaVB,2.0
mcabral2510,VRAutomatize,4.0
melzilucas,VicenteBatistaVB,4.0
jeanmaule,VicenteBatistaVB,2.0
dev-alexandreoliveira,VicenteBatistaVB,2.0
JOAO322323232323,VicenteBatistaVB,2.0
marcelosaguiar,VicenteBatistaVB,2.0
edivaldosegundo,odirlon,2.0
MozanielPSC,salmiox,2.0
MozanielPSC,iamedusm,2.0
felipecontroll,iamedusm,2.0
marcelomagfor,teovillanueva,2.0
hericogimo,MauMauRobert,2.0
hericogimo,teovillanueva,2.0
aherrh02,teovillanueva,2.0
hosanah,stuartffh,2.0
thallesbrandao,protracker251437,2.0
cesarka1,protracker251437,2.0
lucianomdo,protracker251437,4.0
joaosouz4dev,kuncoroatmojo,4.0
joaosouz4dev,jtapeg,4.0
edfvalim,joaosouz4dev,2.0
edfvalim,eTrinityE,2.0
viniciusconexi9,joaosouz4dev,2.0
gustavo-diniz,joaosouz4dev,2.0
RECOHA,jorgevelosodev,4.0
saulobborges,guilombardi91,4.0
saulobborges,BYMSA-DEX,2.0
najiro8v,smartscaile,6.0
thefelipefreire,smartscaile,2.0
Danielwebgit,smartscaile,4.0
decodegear,HELIOPOTELICKI,2.0
Midasstart,HELIOPOTELICKI,2.0
Midasstart,leofelipet,4.0
Midasstart,gkp1,2.0
RenanBucci,HELIOPOTELICKI,2.0
rafaelget,HELIOPOTELICKI,2.0
rafaelget,Kaique-Grigoletto,4.0
0xluc,HELIOPOTELICKI,2.0
iBandMarketing,HELIOPOTELICKI,2.0
thallesmitchell,HELIOPOTELICKI,2.0
edneymatias,HELIOPOTELICKI,6.0
luizpaulomonteiro,Phristyle,2.0
aabnoguera,Phristyle,2.0
Leonardo-cp-ai,Phristyle,2.0
Leonardo-cp-ai,MuriloAMiranda147,2.0
atendiatec,Phristyle,2.0
GabrielCannavo,Phristyle,2.0
RSGestoria,Phristyle,2.0
RSGestoria,MuriloAMiranda147,2.0
warley-oliveira,jwdutra,2.0
warley-oliveira,rodrigossoares322,2.0
joaobibiano,salmiox,2.0
joaobibiano,Meicer10,2.0
mdaushi,Phristyle,2.0
Kaique-Grigoletto,schimaia1,2.0
Kaique-Grigoletto,edimarsiqueira90,2.0
juniorsereno,Kaique-Grigoletto,4.0
juniorsereno,InfiniteGear,2.0
gabrieljablonski,Kaique-Grigoletto,2.0
lourencoerick,Kaique-Grigoletto,2.0
fscardua,Kaique-Grigoletto,2.0
gabialvarenga,MuriloAMiranda147,2.0
luanmbrito,MuriloAMiranda147,4.0
victorpergher,MuriloAMiranda147,2.0
victorpergher,marcelinhov2,2.0
pedroramosuerj,MuriloAMiranda147,4.0
pedroramosuerj,TheEmanuelSampaio,2.0
arthurcts,MuriloAMiranda147,2.0
hustle-inc7,MuriloAMiranda147,2.0
felipeandrewtwo,MuriloAMiranda147,2.0
IsmaelGGomes,MuriloAMiranda147,2.0
willianbsb,lokoquax,2.0
matheuscampbell,lokoquax,4.0
mhisistemas,lokoquax,2.0
tiagoviniciosia,lokoquax,2.0
emariot,JorgeHRP,2.0
BrunetoPassagens,victorhugo-applicativa,2.0
caetanopacheco,joaosouz4dev,2.0
joaoguilhermeeu,VitorS0uza,2.0
vinicin7,salmiox,6.0
vinicin7,brunofelixbessa,4.0
vinicin7,willianbsb,2.0
vinicin7,Gabriel-Souza2,4.0
vinicin7,yydevelopment,8.0
vinicin7,rodrigo-ogioni,6.0
Isaac-alencar,salmiox,2.0
vmontoyasmtop,salmiox,2.0
Floryvibla,salmiox,2.0
msmaiza,salmiox,2.0
Srreven,Bruno-Butzke,2.0
Srreven,pablodiegoo,12.0
Srreven,MatheusMoraisDescomplica,2.0
Srreven,theeusmartins,4.0
rodrigocabraln,josevitor676,4.0
cliquemania,josevitor676,4.0
FedrigoSmart,josevitor676,4.0
icaro-dahora,josevitor676,4.0
andersonluciano,josevitor676,2.0
jonassilva90,josevitor676,2.0
santoswillames,josevitor676,2.0
ederson44,josevitor676,4.0
adaptesolucoes,josevitor676,4.0
CarlosWss,josevitor676,2.0
CarlosWss,Gabriel-Souza2,2.0
pess0a,Raphaildest,2.0
pess0a,Rody-Nunes,2.0
pess0a,viegasozeias,2.0
pess0a,willianbsb,6.0
pess0a,Kaique-Grigoletto,2.0
pess0a,yydevelopment,2.0
pess0a,InfiniteGear,2.0
pess0a,schimaia1,2.0
pess0a,matsnascimento,2.0
pedroyuuki,Rody-Nunes,2.0
valneimelo,willianbsb,2.0
valneimelo,InfiniteGear,2.0
Gabrklein,willianbsb,10.0
brvt,willianbsb,2.0
brvt,InfiniteGear,2.0
brvt,schimaia1,2.0
yydevelopment,chetanshintre,6.0
jotaperez3,yydevelopment,2.0
jotaperez3,rodrigo-ogioni,2.0
Rodrigo131102,yydevelopment,2.0
pr-maia,yydevelopment,2.0
TheCsarbeat,yydevelopment,2.0
EmanoelFaria,yydevelopment,2.0
cvrtopher,yydevelopment,2.0
cygustronic,yydevelopment,2.0
guilhermeverdoodt,yydevelopment,2.0
ViniciusCortez0202,pablodiegoo,2.0
rogpessoa,pablodiegoo,2.0
EltonPereira12,socger,2.0
EltonPereira12,drauber,2.0
EltonPereira12,VitorAf0nso,2.0
diegofss11,Gabriel-Souza2,2.0
diegofss11,rcesar,2.0
diegoqantas,Gabriel-Souza2,2.0
jamesjhonatan123,Gabriel-Souza2,8.0
rodrigo-ogioni,juancresc,10.0
RafaelDomenegueti,rodrigo-ogioni,2.0
WagnerWolf,rodrigo-ogioni,4.0
LuccaDurigan,rodrigo-ogioni,4.0
mstuttgart,rodrigo-ogioni,2.0
Jacodom,rodrigo-ogioni,4.0
Dza-12,rodrigo-ogioni,2.0
kileandrasoares,rodrigo-ogioni,2.0
brunoscruz2023,rodrigo-ogioni,2.0
medeiroscv,rodrigo-ogioni,2.0
dionepereirass,PedroProduct,2.0
jsKahne,lucsqroz,4.0
davidtmiranda,lucsqroz,2.0
rafaelmacedox,lucsqroz,2.0
HambaBersalah,giordano221,4.0
HambaBersalah,lucsqroz,2.0
nextcomm,lucsqroz,2.0
solucionesiacloud,JBdesarrollo,4.0
solucionesiacloud,lucsqroz,2.0
lucasamaral11,almirb,2.0
luiseduardoluz,Kaique-Grigoletto,2.0
jesserovira,jwdutra,6.0
jesserovira,Kaique-Grigoletto,2.0
Guidmr,viegasozeias,12.0
LucasPolicenter,viegasozeias,2.0
kennedysmartins,viegasozeias,6.0
clebiano,viegasozeias,2.0
fabioaragao,luisphtrindade,2.0
schimaia1,CarlosSLoureiro,2.0
schimaia1,InfiniteGear,2.0
schimaia1,agenciasinapse,2.0
flavionc,InfiniteGear,2.0
rocketagenciaseo,Kaique-Grigoletto,2.0
rocketagenciaseo,InfiniteGear,2.0
rocketagenciaseo,schimaia1,2.0
sonnpaulo,InfiniteGear,2.0
sonnpaulo,ViniciusLucas14,4.0
ladeiraluiz,InfiniteGear,2.0
victorconde1,InfiniteGear,2.0
rodrigorossi22,InfiniteGear,2.0
Thiagogestormkt,InfiniteGear,2.0
smartflixbr,InfiniteGear,2.0
vitormrsp,InfiniteGear,2.0
tcghiraldiniapi,lokoquax,2.0
edisonmartinsmkt,suissa,6.0
edisonmartinsmkt,gkp1,4.0
edisonmartinsmkt,lokoquax,2.0
antonio-abrantes,lokoquax,2.0
ASchneiderBR,VitorS0uza,10.0
celobusana,VitorS0uza,2.0
ThiagoSenaJT,VitorS0uza,2.0
carrati,VitorS0uza,2.0
EzequiasCandeia,VitorS0uza,4.0
jilcimar,MikhailProfile,4.0
youngkhaf,MikhailProfile,2.0
jlenon7,MikhailProfile,2.0
Henriquuepedro,MikhailProfile,2.0
Henriquuepedro,rafael-keller,2.0
RenanPiffer,onovotrafego,2.0
MayconSantosBR,DanielSilvaol,4.0
wlucenasec,DanielSilvaol,4.0
GabePaduch,DanielSilvaol,2.0
mariogalvao,DanielSilvaol,2.0
juan-duran,DanielSilvaol,2.0
djgoulart,tonimoreiraa,2.0
djgoulart,jhonwimo,2.0
djgoulart,VRAutomatize,4.0
djgoulart,radamesbispo,2.0
dudis,Feeh03114,2.0
voodobr,Feeh03114,2.0
pachecothiago,Feeh03114,2.0
fokc1509,djgoulart,4.0
prhost,fokc1509,4.0
prhost,ragnafanaticos,4.0
prhost,VRAutomatize,2.0
suporteaoficina,fokc1509,4.0
Jp-K,fokc1509,4.0
Marloncristianolp,yuri12344,2.0
IAntropo,jwcaceres78,2.0
Procuria,jwcaceres78,2.0
aliuosio,jwcaceres78,2.0
vilsonnjr,giordano221,4.0
vilsonnjr,jwcaceres78,2.0
drauber,TheEmanuelSampaio,2.0
erildobarone,rogeriolixa,4.0
jhonathanabreu,rcesar,2.0
jhonathanabreu,jhonatantav,4.0
jhonathanabreu,VRAutomatize,8.0
Marcone-zz,jhonatantav,2.0
StarTron,jhonatantav,2.0
nmultimidia,Rafhageek,2.0
tallesairan,brunofelixbessa,2.0
SimpleDevSam,vinicin7,4.0
SimpleDevSam,tardisblink,2.0
joaoporth,vinicin7,4.0
paulognu,vinicin7,4.0
toledopiza,vinicin7,2.0
regisnew,vinicin7,2.0
mBraga28,vinicin7,2.0
rafwell,zxtheuxz,2.0
rafwell,rcesar,2.0
alexjlutke,rafwell,2.0
spacephotosp,DanielSilvaol,2.0
Santosl2,DanielSilvaol,2.0
Santosl2,LeonardoSFreire,2.0
Santosl2,gkp1,28.0
Santosl2,palvesgomes73,2.0
Santosl2,italomarcelogit,4.0
josemgjunior,DanielSilvaol,2.0
josemgjunior,bahoan,2.0
josemgjunior,rcesar,2.0
josemgjunior,gkp1,6.0
EDSONN56,ap4everthing,2.0
gabrielgranado,Talhary,4.0
fernandeshenrique15,LeonardoSFreire,2.0
foqc,minarkap,6.0
EmmersonRodrigues,guilombardi91,2.0
EmmersonRodrigues,theeusmartins,2.0
joaohenriquecs87,radamesbispo,4.0
adelmops,Raphaildest,2.0
matheuspinhati,bahoan,2.0
carnivash,rogeriolixa,2.0
wilerptech,rogeriolixa,2.0
ViliNeto,fCaioRibeiro,8.0
ViliNeto,rogeriolixa,2.0
ViliNeto,Matheus-Matta,4.0
muno3421,rogeriolixa,2.0
wigo007,rogeriolixa,2.0
FIXONWEB,rogeriolixa,2.0
xespi,VitorS0uza,2.0
hermespereira,almirb,2.0
Vinaum8,marcelinhov2,2.0
Vinaum8,almirb,2.0
rdtecnologia,jwdutra,6.0
ramonmatias19,jwdutra,4.0
coffeverton,jwdutra,2.0
eduardoboca,jwdutra,4.0
EffEmPee,JGabriel963,2.0
jjctmoto,JGabriel963,2.0
diogodomanski,JVini0166,2.0
diogodomanski,felipeleite11,2.0
Lucasjnt,agenciasinapse,2.0
jvamancio,schimaia1,4.0
negociartech,schimaia1,4.0
marcolinoffls,schimaia1,4.0
fabiodevn1,schimaia1,2.0
guipi3,srpavani,2.0
vdiaza,srpavani,2.0
ssouza,srpavani,2.0
JVSC99,srpavani,2.0
Vitorwerneck,Tuphiq,2.0
GranamyrBR,Tuphiq,4.0
franklinmoreiras,Tuphiq,2.0
multideskio,TiagoGouvea,2.0
CampeloMarcos,TiagoGouvea,2.0
mathias-ctrl,TiagoGouvea,2.0
llfaria,CarlosSLoureiro,2.0
wandrey7,venturion,2.0
gmarruda,halarumdigital,4.0
ArielS1,halarumdigital,4.0
ArielS1,Gabriel-oc1,2.0
muava12,jrvidotti,2.0
muava12,juancresc,2.0
muava12,kuncoroatmojo,2.0
alenicomar,kuncoroatmojo,2.0
MaiconFelicio,kuncoroatmojo,2.0
robinhodemorais,martoni891,2.0
robinhodemorais,gkp1,2.0
amirhamzh,santos78-hub,2.0
Pantaleaogc,santos78-hub,2.0
agencia904,EnriqueGF,2.0
agencia904,santos78-hub,4.0
agencia904,TheEmanuelSampaio,2.0
EduardoDos-SantosP,santos78-hub,2.0
dv336699,gkp1,2.0
leonardopilz,MattCarneiro,6.0
guigagb,prhost,4.0
guigagb,MattCarneiro,2.0
guigagb,VRAutomatize,4.0
FabioHAraujo,matefs,2.0
FabioHAraujo,joaopauloit,4.0
FabioHAraujo,IGPGCOMERCIO,4.0
FabioHAraujo,JOESTAR117,2.0
nayralopes,joaopauloit,2.0
JOESTAR117,iphoneconsult,2.0
crmkt,JOESTAR117,6.0
factcil-web,JOESTAR117,2.0
fakipper,JOESTAR117,4.0
leonardo-lacerda,JOESTAR117,2.0
GustavoElevenX,JOESTAR117,2.0
Limeirelles,JOESTAR117,2.0
george-WSS,gkp1,2.0
iagocotta,gkp1,2.0
pedro-php,gkp1,2.0
autotrafego,Raphaildest,2.0
autotrafego,gkp1,2.0
ygorsantana,gkp1,2.0
clsshbr2,gkp1,2.0
faganello,gkp1,2.0
martinsjr,gkp1,4.0
prospeccaodigital,gkp1,2.0
axonia-tools,jesulo,2.0
axonia-tools,autonom-ia,4.0
R4T0,brunopinto123,2.0
osombot,Vinaum8,2.0
nerosolutions,hereck,2.0
kyulucas,hereck,2.0
vinidevai,hereck,2.0
gtjadsonsantos,hereck,2.0
ryzinN,hereck,2.0
viniciusvieira00,hereck,2.0
fabiofrances,hereck,2.0
fabiofrances,Leandrogri,6.0
fabiofrances,juliomoreirx,2.0
tmsdesarrollo3,hereck,2.0
tmsdesarrollo3,lucasstxp,2.0
romiltolopes,hereck,2.0
Infomaquina,hereck,2.0
LucasCorrei,hereck,4.0
jayveloper,hereck,2.0
gdok-gestao,hereck,2.0
Felizolinha,edimarsiqueira90,2.0
Jeferson-Diniz,edimarsiqueira90,2.0
RafaFenix,GuianaStore,4.0
andersonid,GuianaStore,4.0
gcbcarneiro,Raphaildest,2.0
gcbcarneiro,GuianaStore,2.0
gcbcarneiro,rodrigobg,2.0
augustobr1to,Ryan03037,2.0
augustobr1to,GuianaStore,2.0
grupojr7,andressalvarez,2.0
grupojr7,gkp1,2.0
grupojr7,VRAutomatize,4.0
tuliosousapro,andressalvarez,4.0
davidneyravyr,andressalvarez,8.0
MMaiconnascimento,andressalvarez,4.0
MustaCH,andressalvarez,2.0
nitinsanghi,andressalvarez,2.0
BryanVillaDev,lucasbarsottini,2.0
Saccomani,BryanVillaDev,4.0
italomarcelogit,MauMauRobert,2.0
italomarcelogit,JBdesarrollo,2.0
italomarcelogit,HPleite01,2.0
DarciCJr,italomarcelogit,2.0
dctsistemas,italomarcelogit,2.0
joao-baza,GilMedeiros,2.0
igordeloyola,luisphtrindade,2.0
Pezhvak,liota,2.0
Pezhvak,Gabriel-oc1,2.0
rcesar,OscarAgent,2.0
rcesar,J-Pster,4.0
jrafael29,rcesar,2.0
bergpinheiro,rcesar,2.0
JordyContador,rcesar,2.0
alissonamorim2004,rcesar,6.0
ElitonJSJr,rcesar,2.0
DiegoFalabella,rcesar,4.0
ribeiro-automatize,rcesar,2.0
admdanielspalma,rlabanca,4.0
ifai-ai,ARMCardoso,2.0
tiburssio,ARMCardoso,2.0
Matheus-SS,ARMCardoso,2.0
prudenciooficial,GilMedeiros,2.0
Raulcvf1,Gabriel-oc1,4.0
IchthysMaranatha,usjavs14,2.0
osmarkozanjr,Bruno-Butzke,4.0
osmarkozanjr,jeanzulk,6.0
osmarkozanjr,Storedias,2.0
osmarkozanjr,ojauumdev,2.0
osmarkozanjr,EnriqueGF,2.0
luislhsc,TiagoGouvea,2.0
parkejunior,VRAutomatize,2.0
raphamzn,parkejunior,4.0
paulop,parkejunior,2.0
nikolinm,lucasnp92,2.0
luizphelipes,lucasnp92,4.0
NieriDantas,lucasnp92,2.0
NieriDantas,maickom88,6.0
PetersonFonseca,lucasnp92,2.0
brunoagentes2025-dot,lucasnp92,2.0
marcelloinfoweb,joao-baza,2.0
marcelloinfoweb,Thyanri,2.0
elimesquita,alebraso,4.0
ravanellodev,alebraso,2.0
Romulorib25,iphoneconsult,2.0
Romulorib25,jaimenasser,2.0
darkklin,JBdesarrollo,4.0
sergio-scardigno,darkklin,4.0
patrickmau,darkklin,6.0
patrickmau,lucasbarsottini,2.0
yewkay,darkklin,4.0
yewkay,patrickmau,2.0
yewkay,erpwoosync,2.0
sergiodmcosta86,musemby,2.0
sergiodmcosta86,darkklin,2.0
luismata01,jaimenasser,2.0
scsrat,jaimenasser,2.0
rojdev,Pbizado,2.0
eugeniocarvalho,Luiz-Otavio-Dorigon,2.0
marcelo-candido,ViniciusLucas14,2.0
juanjosesarabia,marcelo-candido,2.0
Samu3l-95,marcelo-candido,2.0
tecvirtua,marcelo-candido,2.0
maisSistemasDev,marcelo-candido,2.0
charlesbatemarque,marcelo-candido,2.0
PabloBernar,marcelo-candido,2.0
dih1,marcelo-candido,2.0
moraiscode,marcelo-candido,2.0
IntezMercurio,marcelo-candido,2.0
lucasstro,marcelo-candido,2.0
oluanferreira,marcelo-candido,2.0
rrnazario,marcelo-candido,2.0
Vutsoga22,marcelo-candido,2.0
erpwoosync,patrickmau,2.0
thexiox,JBdesarrollo,8.0
thexiox,erpwoosync,2.0
Hedriss10,kileandrasoares,14.0
bparreira17,kileandrasoares,2.0
bparreira17,ViniciusLucas14,2.0
caiython,kileandrasoares,2.0
al3xv0lk,kileandrasoares,2.0
RodrigoFacioDev,chetanshintre,2.0
kondurisai,enoksaju,2.0
kondurisai,giordano221,2.0
kondurisai,chetanshintre,2.0
luisotavio756,chetanshintre,2.0
Juan-Alves-1,chetanshintre,2.0
ip2cloud,HPleite01,2.0
ip2cloud,acauaferreira,4.0
ip2cloud,IgorFSSilva,2.0
cowaleinc,ip2cloud,4.0
n-qber,ip2cloud,6.0
arthurprudenteres,ip2cloud,2.0
diego-lipinski-de-castro,claudiocorazza,2.0
diego-lipinski-de-castro,thexiox,4.0
diego-lipinski-de-castro,ViniciusLucas14,2.0
AL-ALIE,ViniciusLucas14,4.0
thiago-rferreira,ViniciusLucas14,2.0
MarceloArraes,ViniciusLucas14,2.0
barto95100,ViniciusLucas14,2.0
SandroAlmeidaDev,thexiox,2.0
ervaloliveira,thexiox,6.0
AbdelrahimE,thexiox,2.0
phrodriguesilva,thexiox,2.0
lucasbolanho,thexiox,8.0
doazeite,thexiox,4.0
VinnyZK,thexiox,2.0
brunoclc,thexiox,6.0
douglasvargas1995,thexiox,14.0
PedroTigre123,thexiox,4.0
rod-tay,thexiox,2.0
rodrigobg,Ryan03037,2.0
rodrigobg,eudesmcf,2.0
ideiabot,rodrigobg,2.0
danilosouza-dev,rodrigobg,2.0
Orbe2025,rodrigobg,2.0
GMCloudCorp,rodrigobg,2.0
aaguilare,HugooSantos,4.0
cedric-sd,minarkap,4.0
cedric-sd,HugooSantos,2.0
adryansf,ojauumdev,4.0
gerson-henrique,Raphaildest,2.0
techwavedev,Raphaildest,2.0
willianxzy,Raphaildest,2.0
MarcosPPL2,Raphaildest,6.0
carrilloapps,Raphaildest,2.0
WillianyV,Raphaildest,2.0
AdonisTrappe,Raphaildest,2.0
dbechelli,Raphaildest,2.0
razzera,IgorFSSilva,2.0
tainanflores,fabiofrances,2.0
Daquisu,jeanzulk,4.0
Daquisu,Storedias,10.0
Daquisu,DAVIAMERICO242,2.0
Daquisu,italomarcelogit,2.0
Daquisu,felipeleite11,4.0
julia-otomoduarte,italomarcelogit,4.0
jrvidotti,hamzaa53,2.0
ShowtimeProp,HPleite01,2.0
alexdistegit,HPleite01,2.0
rychaardm,HPleite01,4.0
climacompany,HPleite01,2.0
jorceli,opttai,2.0
ensinardigitaldev,opttai,2.0
ryankoh2864,MauMauRobert,2.0
Amr-Abdelaziz,MauMauRobert,2.0
gyulamester,MauMauRobert,4.0
gyulamester,JBdesarrollo,4.0
alepfilho,MauMauRobert,2.0
jeorgy,MauMauRobert,2.0
saulotarsobc,MauMauRobert,10.0
FagnerSiriano,MauMauRobert,4.0
leogarrido96,MauMauRobert,2.0
williambauch,MauMauRobert,2.0
IOhacker,MauMauRobert,2.0
starteventos,MauMauRobert,2.0
mirkarpude,MauMauRobert,2.0
pedrolabreu,MauMauRobert,2.0
caam1406,MauMauRobert,2.0
smoldah,MauMauRobert,2.0
Dilshad4,MauMauRobert,2.0
leo-moraes,Ryan03037,2.0
hypegg,Ryan03037,2.0
jpmartins201,Ryan03037,2.0
thailonlucas,Ryan03037,2.0
thailonlucas,rbernardes,4.0
phpiando,tukangparkir2008,2.0
DRIMOL,johnnybs2,2.0
hudinikdev,johnnybs2,2.0
cendyandreoli,maickom88,6.0
cendyandreoli,johnnybs2,2.0
gabriel-miranda7,tiago18fap,2.0
danilolimar,tiago18fap,2.0
willguitaradmfar,tiago18fap,2.0
dmasciel,tiago18fap,2.0
seckerIA,tiago18fap,4.0
danilobrizola,tiago18fap,2.0
McamargoGotWorx,tiago18fap,2.0
thiagofagundess,tiago18fap,2.0
DieGuilherme,tiago18fap,2.0
rodrigobatista21,tiago18fap,2.0
aleramirezsj,tiago18fap,2.0
engenheiroquant,tiago18fap,2.0
spartagraficos,tiago18fap,2.0
mokbhai,Caous,4.0
WarlaxZ,Caous,2.0
WEBudoGT,danilolimar,4.0
dennismartini,danilolimar,2.0
VinicioAM,wagneralmandes,2.0
VinicioAM,Thyanri,2.0
alexx2601,jeanzulk,2.0
juancresc,VRAutomatize,2.0
trevisanisolutions,juancresc,4.0
Captando,juancresc,2.0
Captando,tiagocaus,2.0
vsalgueiro7,juancresc,2.0
flpnascimento45,juancresc,2.0
pablod1mkt,juancresc,2.0
LeoAzevedo59,juancresc,2.0
rafaeloliveiraz,juancresc,10.0
leonidasamorim,juancresc,2.0
gustavoneves1,juancresc,2.0
samuel-cardoso,juancresc,2.0
rhafiko,giordano221,2.0
rhafiko,juancresc,2.0
rhafiko,s-marques,4.0
rhafiko,ragnafanaticos,4.0
diglesiasus,juancresc,2.0
JBdesarrollo,VRAutomatize,2.0
mvmendes,JBdesarrollo,4.0
Webion2019,JBdesarrollo,2.0
danilobreda,JBdesarrollo,2.0
b8adel,JBdesarrollo,2.0
adriannoes,JBdesarrollo,4.0
Bitmerchants,JBdesarrollo,2.0
CesareIsHere,JBdesarrollo,2.0
iaurg,JBdesarrollo,2.0
luccamrofc,JBdesarrollo,2.0
alyleite,JBdesarrollo,2.0
luisfilipesant,JBdesarrollo,2.0
4y55,JBdesarrollo,2.0
heitorlopes2404,JBdesarrollo,2.0
jose-marcos-costa,JBdesarrollo,2.0
jasp402,JBdesarrollo,2.0
tjmoreira,JBdesarrollo,4.0
jpaguero,JBdesarrollo,4.0
Guiziemann,JBdesarrollo,2.0
Cunhov,JBdesarrollo,2.0
brunorbarroso,JBdesarrollo,2.0
ronanft,JBdesarrollo,2.0
automatikblog,JBdesarrollo,2.0
blopaxcl,JBdesarrollo,2.0
leonardokatayama,JBdesarrollo,2.0
sonnqdromoderno,JBdesarrollo,2.0
KauaMB2,JBdesarrollo,2.0
davinunes,JBdesarrollo,2.0
netdados,JBdesarrollo,14.0
fodaci10,JBdesarrollo,2.0
felipehunter,JBdesarrollo,2.0
jarbasmedeiros,JBdesarrollo,2.0
Teorize,JBdesarrollo,2.0
eudiegoaragao,JBdesarrollo,2.0
samchambela,JBdesarrollo,2.0
isaquetdiniz,JBdesarrollo,2.0
AlejandroCaruso21,JBdesarrollo,2.0
Danilobrm,JBdesarrollo,2.0
cassolisolucoes,JBdesarrollo,2.0
cleiton1982,JBdesarrollo,4.0
lrebola,JBdesarrollo,2.0
cakrumen,michaelvips,2.0
rickdroio,michaelvips,2.0
VRAutomatize,Arenaz3,2.0
gustavo-ferreira03,VRAutomatize,2.0
leonardostefani,VRAutomatize,2.0
lucasjuvencio,VRAutomatize,4.0
matheus-zit,VRAutomatize,2.0
jeanjonathas,OscarAgent,2.0
jeanjonathas,VRAutomatize,2.0
rubslopes,OscarAgent,2.0
rubslopes,VRAutomatize,2.0
j0ng4b,VRAutomatize,2.0
iceblz,VRAutomatize,2.0
SrJhowBR,VRAutomatize,2.0
matheusreis-oliveira,VRAutomatize,4.0
acantidio,VRAutomatize,2.0
rodrigo-p-a,VRAutomatize,2.0
Theusmasiq,VRAutomatize,2.0
zegnhabi,VRAutomatize,2.0
Marcel-Calheiros,VRAutomatize,2.0
pedrolucasoliva,VRAutomatize,2.0
joansafr,VRAutomatize,4.0
ilicilho,VRAutomatize,4.0
raymendoza83,VRAutomatize,2.0
pedromedev,VRAutomatize,2.0
nicholassantoss,OscarAgent,2.0
nicholassantoss,VRAutomatize,2.0
jbtonelli,VRAutomatize,4.0
augustodv,VRAutomatize,2.0
i-monteiro,VRAutomatize,2.0
thesaasfactorydev,VRAutomatize,2.0
DevKleber,VRAutomatize,2.0
rubasolutions,VRAutomatize,2.0
marcio-reino,VRAutomatize,2.0
rat,VRAutomatize,2.0
Alptecsol,VRAutomatize,2.0
ricagmarques,VRAutomatize,2.0
bugzoidTM,VRAutomatize,2.0
portaltn,VRAutomatize,4.0
cleberdorea,VRAutomatize,2.0
xLupus,VRAutomatize,2.0
erickbrz,VRAutomatize,2.0
LucasBueno007,VRAutomatize,2.0
davidsonbsb,VRAutomatize,4.0
lordjack,VRAutomatize,2.0
brunosantoos,VRAutomatize,2.0
markinhok2,WLpereira,2.0
wallacemartinss,lucasstxp,2.0
manfromearthyt,bodolay-prog,2.0
HeitorAgily,cowaleinc,2.0
ezzCoutinho,Lucasbrunoferreira,2.0
DaianaSimao,ezzCoutinho,2.0
iqueroman,musemby,2.0
iqueroman,patrickmau,2.0
NathyG2524,musemby,2.0
piranhyak,musemby,2.0
dariogcode,musemby,2.0
caiogui,HELIOPOTELICKI,2.0
caiogui,fernandocostabr420,2.0
alamohf,WanderleyGrecco,4.0
acauaferreira,ragnafanaticos,2.0
MichelCF,zua-1,2.0
renanpupin,gkp1,2.0
TheEmanuelSampaio,Matheus-Matta,2.0
TheEmanuelSampaio,EnriqueGF,4.0
BernardoGoems,TheEmanuelSampaio,2.0
LucasRobs,TheEmanuelSampaio,2.0
leomeneguzzi,TheEmanuelSampaio,4.0
exvecchio-glitch,TheEmanuelSampaio,4.0
FabioAguiar-DS,StbanMc,2.0
henrique-nhrl,maickom88,2.0
brunaagathaph1,maickom88,2.0
JuniorrMacedo,maickom88,2.0
JonathanLopesM,maickom88,6.0
JonathanLopesM,cleytoncoro,2.0
RenanAmaro,maickom88,2.0
afcasasfranco,maickom88,8.0
afcasasfranco,flpnascimento45,2.0
luimatheo99,maickom88,4.0
pedrormc,maickom88,4.0
McNickSisto,maickom88,2.0
agenciageraleads,maickom88,2.0
muhbianco,flpnascimento45,2.0
flaviabanchieri,rlabanca,2.0
Leandrogri,edsonalanis,4.0
FelipeAugusto26,himanshusdeshmukh2106,2.0
jsalonl,himanshusdeshmukh2106,2.0
merxhan,J-Pster,2.0
Igor1Ryan,J-Pster,2.0
brunogfox,J-Pster,2.0
Evilazio,J-Pster,2.0
Deyvi-dev,jrvidotti,2.0
Deyvi-dev,luccamrofc,2.0
eltonciatto,PedroReckelEL,2.0
yagoylc,PedroReckelEL,2.0
ricardoabr,PedroReckelEL,2.0
leofelipet,fernandocostabr420,2.0
matheusvalexd,JBdesarrollo,4.0
GlennMHT,flpnascimento45,4.0
augustoarnold13,chetanshintre,2.0
joanproductivo,chetanshintre,2.0
tripainao,nogran,2.0
gabriellemos197,prhost,2.0
walisilva,prhost,2.0
walisilva,JeandersonR2,4.0
viniciustrndd,prhost,2.0
leocharrua,next4dev,2.0
spuksa,next4dev,2.0
AnthonyKamers,next4dev,2.0
MateusHBLima,next4dev,2.0
Wishaal,next4dev,2.0
ridan-genius,next4dev,4.0
mmacross,next4dev,2.0
naujfract,next4dev,2.0
bitarneto,braunericardo,2.0
decaffinetedturtle,giordano221,4.0
imleaver,giordano221,4.0
hipur,giordano221,2.0
maxisimonazzi,giordano221,2.0
nicolas-da-flly,giordano221,2.0
RCallejo2,giordano221,2.0
Edu-Luan,giordano221,2.0
bigdatafran,giordano221,2.0
mobinulislam143,giordano221,2.0
Moisesjr20,Arenaz3,2.0
Moisesjr20,OscarAgent,2.0
Moisesjr20,VRAutomatize,2.0
tallesnicacio,OscarAgent,2.0
LCarrati,OscarAgent,2.0
PVTois,Arenaz3,2.0
PVTois,OscarAgent,2.0
PVTois,VRAutomatize,2.0
owevertonguedes,OscarAgent,2.0
lucianomarcelino,OscarAgent,2.0
PedroPaiao,OscarAgent,2.0
atilasilvalima,OscarAgent,2.0
NocaoGamificada,OscarAgent,2.0
monklabgit,OscarAgent,2.0
arthurvenicio,OscarAgent,2.0
jassriver,OscarAgent,2.0
neophitus,OscarAgent,4.0
MaicFonseca,hqvnet,2.0
JVini0166,rbernardes,2.0
victoreduardo,rbernardes,2.0
Cris123m,armand087,2.0
lacuentadeurielpe-ctrl,armand087,2.0
ThenucleoBen,armand087,2.0
heitor-s,thiagosmagalhaes,2.0
aleksander-pankow,doryashar,2.0
lamurian,doryashar,4.0
alanalvestech,doryashar,4.0
faelperetta,doryashar,2.0
GuilhermeLimaSP,doryashar,4.0
ifadl,PedroReckelEL,2.0
FireguiQueen,cleytoncoro,4.0
SiteupAgencia,cleytoncoro,2.0
jonathancostajr,s-marques,2.0
jonathancostajr,cleytoncoro,4.0
celoooocosta,VRAutomatize,2.0
celoooocosta,cleytoncoro,2.0
augustoformentao,patronotech,2.0
leonardomarcao,Arenaz3,2.0
leonardomarcao,VRAutomatize,8.0
alandequeiroz,VRAutomatize,2.0
ar3pavini,VRAutomatize,2.0
ricardozanga,Arenaz3,2.0
ricardozanga,VRAutomatize,18.0
douglas161,VRAutomatize,2.0
michemaximus,VRAutomatize,2.0
eduardoabreu-ia,VRAutomatize,10.0
gustavovitor,VRAutomatize,10.0
viniciusverasdossantos,VRAutomatize,2.0
viniciusverasdossantos,Alex-HC2024,2.0
Gugulima,VRAutomatize,2.0
nepogabriel,VRAutomatize,2.0
bryanwac,VRAutomatize,14.0
claudioferrazb,VRAutomatize,2.0
guiant32,VRAutomatize,4.0
iurijalmeida,VRAutomatize,2.0
rgisjr,VRAutomatize,2.0
jorgenascimentoifs,VRAutomatize,2.0
mauroalexandre,VRAutomatize,2.0
alexgomesxg,Arenaz3,2.0
alexgomesxg,VRAutomatize,2.0
merkys7,VRAutomatize,2.0
diegoprodev,VRAutomatize,2.0
alvesph99,VRAutomatize,2.0
Tomyx15,VRAutomatize,2.0
Dec1o,VRAutomatize,2.0
yuribco,VRAutomatize,2.0
ViniciusBatista32,VRAutomatize,2.0
guiguiari,VRAutomatize,2.0
CleissonCardoso2025,VRAutomatize,2.0
nathan-lopes,VRAutomatize,2.0
heitorkfh,leofelipet,2.0
stavososa,DAVIAMERICO242,2.0
stavososa,theeusmartins,2.0
GutoMaciel,stavososa,2.0
pedrotecinf,stavososa,2.0
cristiano-dianese,stavososa,2.0
maionegen,Deyvi-dev,2.0
ViniSiqueira,Arenaz3,2.0
cookfinances,Arenaz3,2.0
rodrigoBrandaoDeSouza,juliomoreirx,4.0
VitorFOG,juliomoreirx,2.0
MrHoss,juliomoreirx,2.0
brunopq,ddavid-almeida,2.0
soomiltech21,ddavid-almeida,2.0
jporre,alexander-mattos,2.0
SebasCrucer,lbernardo,2.0
welber,schieck0,4.0
tondatto,danjtprod13213,2.0
FlossyYuri,danjtprod13213,2.0
rafaelMelgesCruzeiro,danjtprod13213,2.0
douglasbrandao,danjtprod13213,2.0
pledo,danjtprod13213,2.0
emersonart,danjtprod13213,2.0
mahabdalla,Thyanri,2.0
leandrosroc,moraisamilton,4.0
leandrosroc,edisonmartinsmkt,8.0
leandrosroc,Luis-Fernando-Developer,36.0
leandrosroc,JeandersonR2,4.0
leandrosroc,MarceloSoaresJr,4.0
leandrosroc,judsonjuniorr,12.0
andreilocks,JeandersonR2,2.0
DaniloHNovais,weslleyitelx,2.0
renancandido01,weslleyitelx,2.0
minutacio,DAVIAMERICO242,2.0
DouglasRenato,yuri12344,2.0
AlanCWB,rafwell,2.0
w35l3y,rafwell,2.0
maxthetor,gabrieldeoa,2.0
periclesbezerra,moskoweb,2.0
matheusleite,moskoweb,6.0
likamee,moskoweb,2.0
phsantosti,moskoweb,2.0
jeffersonfelixdev,ragnafanaticos,6.0
jeffersonfelixdev,luccamrofc,2.0
marcelorl,lucasbarsottini,2.0
fabio-bix,lucasbarsottini,2.0
marcosvb1,EnriqueGF,2.0
henrique062,EnriqueGF,2.0
jhonmolano09,EnriqueGF,2.0
orabanal,EnriqueGF,2.0
joseeavrs,EnriqueGF,2.0
FiniAppBr,EnriqueGF,2.0
ajudanet,EnriqueGF,2.0
ronaldoasilva,tonimoreiraa,2.0
atp-natan,tonimoreiraa,2.0
saldorflorin,ragnafanaticos,2.0
manozzo,ragnafanaticos,6.0
phpnato,felipeleite11,2.0
tiagoluo,IcaruuS22,2.0
altomarketing,IcaruuS22,2.0
ismael-rodrigo,IcaruuS22,2.0
pinguino132,IcaruuS22,4.0
rennanfelipeto,UniVersos1,2.0
AhmadBinKhalil,UniVersos1,2.0
EmanuelMdz,UniVersos1,2.0
luan-nvg,iAm4badd0n,2.0
aolmkt,leofelipet,2.0
mbarrosz2,leofelipet,2.0
pablomarcony,leofelipet,2.0
arthur7114,leofelipet,2.0
jjuniorxp,leofelipet,2.0
igorMSoares,julioantunes-ti,2.0
AsasInnab,jesulo,2.0
ricardoltl,matheus051004,2.0
i3wu,theeusmartins,2.0
crbueno-git,theeusmartins,4.0
danielfnz,theeusmartins,4.0
fhelyp05,theeusmartins,4.0
rafaelfvalim,theeusmartins,2.0
juanspina,theeusmartins,2.0
RogerioAmaral,fCaioRibeiro,2.0
wallisonfelipe,fCaioRibeiro,2.0
bigdubr,fCaioRibeiro,6.0
MarecoX,fCaioRibeiro,6.0
MarecoX,Matheus-Matta,2.0
diegotannure,fCaioRibeiro,2.0
amctecnologia,fCaioRibeiro,2.0
raphaelfranca,fCaioRibeiro,4.0
ofmarconi,RuanMD,2.0
oslec,RuanMD,2.0
julianomatias,RuanMD,4.0
marks-zyz,RuanMD,2.0
guille1one,Franruaben11,2.0
Vladosur,rafwell,2.0
wcruz-br,s-marques,2.0
gausinopufmt,s-marques,4.0
tmw-development,s-marques,2.0
vihdamarques,s-marques,4.0
denismachiron,s-marques,8.0
abcdefabio,s-marques,2.0
mamv2137,s-marques,2.0
edmargomes,s-marques,2.0
kowaalski,s-marques,2.0
ericomattos,s-marques,2.0
CiceroBrunelli,s-marques,2.0
lufnascimento,s-marques,2.0
francisprecisaosistemas,s-marques,2.0
rondweb,s-marques,2.0
Rigolon,s-marques,2.0
jesse-orestes,s-marques,2.0
olavuwdev,s-marques,2.0
emersonxxl,s-marques,4.0
andcapbr-hub,s-marques,2.0
poggioni-dot,Matheus-Matta,2.0
joaomachado-pg,Matheus-Matta,2.0
sourcery-ai[bot],pedroepif,6.0
sourcery-ai[bot],DavidsonGomes,4.0
sourcery-ai[bot],nestordavalos,8.0
sourcery-ai[bot],leandrosroc,16.0
sourcery-ai[bot],davidmnzs,4.0
sourcery-ai[bot],w35l3y,16.0
sourcery-ai[bot],jeffersonfelixdev,6.0
sourcery-ai[bot],jamesjhonatan123,8.0
sourcery-ai[bot],nandobfer,8.0
sourcery-ai[bot],nolramaf,30.0
sourcery-ai[bot],guilhermejansen,16.0
sourcery-ai[bot],caiobleggi,4.0
sourcery-ai[bot],edisonmartinsmkt,4.0
sourcery-ai[bot],lucascampuus,6.0
sourcery-ai[bot],Vitordotpy,38.0
sourcery-ai[bot],theeusmartins,6.0
sourcery-ai[bot],andres99x,8.0
sourcery-ai[bot],anderecc,4.0
sourcery-ai[bot],msantosjader,6.0
sourcery-ai[bot],Deyvi-dev,4.0
sourcery-ai[bot],frieck,18.0
sourcery-ai[bot],rafwell,4.0
sourcery-ai[bot],arnavgupta00,6.0
sourcery-ai[bot],paulocoutinhox,4.0
sourcery-ai[bot],Santosl2,16.0
sourcery-ai[bot],oriondesign2015,20.0
sourcery-ai[bot],Cranbaerry,6.0
sourcery-ai[bot],fernandeshenrique15,4.0
sourcery-ai[bot],kakoia,4.0
sourcery-ai[bot],kay0ramon,6.0
sourcery-ai[bot],micaelmz,6.0
sourcery-ai[bot],foqc,6.0
sourcery-ai[bot],alexandrereyes,6.0
sourcery-ai[bot],muriloleal13,8.0
sourcery-ai[bot],gabrielmouallem,6.0
sourcery-ai[bot],rodps,4.0
sourcery-ai[bot],furious,4.0
sourcery-ai[bot],saraivabr,26.0
sourcery-ai[bot],leobar37,4.0
sourcery-ai[bot],ricaelchiquetti,38.0
sourcery-ai[bot],Daquisu,4.0
sourcery-ai[bot],moothz,18.0
sourcery-ai[bot],FELU66,4.0
sourcery-ai[bot],gomessguii,8.0
sourcery-ai[bot],douglasdgw,4.0
sourcery-ai[bot],cesar-carlos,16.0
sourcery-ai[bot],grichaud,8.0
sourcery-ai[bot],AlexandreD-Martins,8.0
sourcery-ai[bot],FaelN1,4.0
sourcery-ai[bot],guedesrv,26.0
sourcery-ai[bot],makanakidev,4.0
sourcery-ai[bot],letfontenelle,10.0
sourcery-ai[bot],JonathanLopes404,4.0
sourcery-ai[bot],dersonbsb2022,16.0
sourcery-ai[bot],comeca-ai,10.0
sourcery-ai[bot],guispiller,8.0
sourcery-ai[bot],JamsMendez,4.0
sourcery-ai[bot],anasavinic,4.0
sourcery-ai[bot],yuvi95,28.0
sourcery-ai[bot],Nocelli,8.0
sourcery-ai[bot],JefersonRamos,22.0
sourcery-ai[bot],elizandropacheco,6.0
sourcery-ai[bot],Eudanielambrosio,4.0
sourcery-ai[bot],victoreduardo,30.0
sourcery-ai[bot],JoaoArtur,10.0
sourcery-ai[bot],josiasmaceda,10.0
sourcery-ai[bot],VCalazans,30.0
sourcery-ai[bot],LuisSantosJS,46.0
sourcery-ai[bot],codingbox2022,4.0
sourcery-ai[bot],RaFaeL-Cunha,16.0
sourcery-ai[bot],HellWolf93,4.0
sourcery-ai[bot],saulommartins,8.0
sourcery-ai[bot],caiquezanetoni,4.0
sourcery-ai[bot],bilaliqbalr,8.0
sourcery-ai[bot],MailoncBerni,4.0
sourcery-ai[bot],michaelvips,12.0
sourcery-ai[bot],neto-developer,4.0
sourcery-ai[bot],onerrogus,8.0
sourcery-ai[bot],henrybarreto,26.0
sourcery-ai[bot],Vinicyus1914,4.0
sourcery-ai[bot],KokeroO,78.0
sourcery-ai[bot],coreh,4.0
sourcery-ai[bot],juniortopanotti,4.0
sourcery-ai[bot],minarkap,10.0
sourcery-ai[bot],alkanarslan,4.0
sourcery-ai[bot],AlexisJusviack,6.0
sourcery-ai[bot],alkimimcitty,28.0
sourcery-ai[bot],Devpwilmer,4.0
sourcery-ai[bot],leonardocintra,4.0
sourcery-ai[bot],guilherme-aguilar,4.0
sourcery-ai[bot],VambertoFarias,4.0
sourcery-ai[bot],borgesthiago,6.0
sourcery-ai[bot],pauloboc,4.0
sourcery-ai[bot],gbrreel,4.0
sourcery-ai[bot],JrStarkmidia,4.0
sourcery-ai[bot],victor-lucrabot,6.0
sourcery-ai[bot],caduzin02,8.0
sourcery-ai[bot],matheusfterra,4.0
sourcery-ai[bot],skarious,4.0
sourcery-ai[bot],ToniShelby,8.0
sourcery-ai[bot],costaeder,16.0
sourcery-ai[bot],jeremias210421,10.0
sourcery-ai[bot],tms-desarrollo,16.0
sourcery-ai[bot],samuelterra22,6.0
sourcery-ai[bot],thrsouza,10.0
sourcery-ai[bot],R0DRIG0O,4.0
sourcery-ai[bot],Link33d,4.0
sourcery-ai[bot],luiis716,4.0
sourcery-ai[bot],Faelst,4.0
sourcery-ai[bot],jeffryjdelarosa,6.0
sourcery-ai[bot],pedro-php,78.0
sourcery-ai[bot],hygorambevtech,4.0
sourcery-ai[bot],ricocorreia1,6.0
sourcery-ai[bot],alvestassio,4.0
sourcery-ai[bot],gabrielrf97,8.0
sourcery-ai[bot],wilton-ferreira,18.0
sourcery-ai[bot],freonzx,6.0
sourcery-ai[bot],marceloapd,14.0
sourcery-ai[bot],RodriguesCosta,4.0
sourcery-ai[bot],mbap-dev,10.0
sourcery-ai[bot],LuizFelipe-LF,4.0
sourcery-ai[bot],jrCleber,8.0
impa365,oriondesign2015,6.0
github-advanced-security[bot],KokeroO,14.0
github-advanced-security[bot],ricaelchiquetti,28.0
github-advanced-security[bot],JefersonRamos,42.0
github-advanced-security[bot],jamesjhonatan123,14.0
copilot-pull-request-reviewer[bot],jamesjhonatan123,4.0
copilot-pull-request-reviewer[bot],dersonbsb2022,12.0
Copilot,dersonbsb2022,18.0
matheus-de-araujo,borgesthiago,4.0
JrStarkmidia,matheusfterra,4.0
bessa3301,paulocoutinhox,6.0
andre-xizto,jeffersonfelixdev,4.0
namormalves,guilhermejansen,6.0
vicentewncosta,leandrosroc,4.0
ImPedro29,yousseefspires,6.0
judsonjuniorr,paulillo,6.0
judsonjuniorr,leandrosroc,4.0
judsonjuniorr,mtuliosan,6.0
samdamazio,francisbreit,4.0
gabrielpastori1,leandrosroc,4.0
gabrielpastori1,edisonmartinsmkt,4.0
gabrielpastori1,judsonjuniorr,4.0
w3nder,suissa,12.0
yvescleuder,deivisonrpg,6.0
joelemanoel,leandrosroc,4.0
csxmaia,w3nder,4.0
